#include <U8g2lib.h>
#include <Wire.h>
#include <EEPROM.h>


U8G2_SSD1306_128X64_NONAME_F_HW_I2C u8g2(U8G2_R0, /* reset=*/ U8X8_PIN_NONE);

int tempo = 140;
int buzzerPin = 3;
const int micPin = A0;  
const int ledPin = 4;
int counter = 0;
int counterr = 0;
int mn;
int mx;
int delta;
int i;

const int counterAddress = 0;  
const int displayIterationAddress = 4;  
const int messageIndexAddress = 8;  

int iterationCounter = 0;
int displayIteration;
int messageIndex;

const char* specialMessages[] = {
  "Mar Khayega",
  "Acha Bacha",
  "Charka",
  "Silent Patient",
  "Always",
  "How you doin'?",
  "Cool,Cool,Cool",
  "Bazinga!",
  "Dobby is free!",
  "Photography",
  "Yer a wizard",
  "Mimmi"
};
const int numMessages = sizeof(specialMessages) / sizeof(specialMessages[0]);


void generateNewDisplayIteration() {
  displayIteration = iterationCounter + random(1, 5); 
  messageIndex = random(0, numMessages); 
  EEPROM.put(displayIterationAddress, displayIteration); 
  EEPROM.put(messageIndexAddress, messageIndex); 
}

// '_a_frm23,40', 50x50px
const unsigned char epd_bitmap__a_frm23_40 [] PROGMEM = {
	0x00, 0x00, 0x00, 0x00, 0x00, 0x00, 0x00, 0x00, 0x00, 0x0e, 0x00, 0x00, 0x00, 0x00, 0x00, 0x00, 
	0x1e, 0x00, 0x00, 0x00, 0x00, 0x00, 0x80, 0x1f, 0x00, 0x00, 0x00, 0x00, 0x00, 0xff, 0x1f, 0x00, 
	0x01, 0x00, 0x00, 0xe0, 0xff, 0x0e, 0x80, 0x03, 0xc0, 0x01, 0xf0, 0x80, 0x07, 0x80, 0x07, 0xe0, 
	0x01, 0x38, 0xff, 0x03, 0x80, 0x8f, 0xf1, 0x01, 0xdc, 0xff, 0x00, 0x80, 0xfd, 0xbf, 0x01, 0xec, 
	0x01, 0x00, 0x80, 0xf9, 0x9f, 0x01, 0x76, 0x00, 0x00, 0x80, 0x01, 0x80, 0x01, 0x36, 0x00, 0xf0, 
	0x81, 0x01, 0x80, 0x01, 0x36, 0x00, 0xff, 0x9f, 0x01, 0x80, 0x01, 0x36, 0xe0, 0x9f, 0xff, 0x39, 
	0x9c, 0x01, 0x76, 0xf8, 0x01, 0xf0, 0x39, 0x9c, 0x01, 0xe6, 0x3e, 0x00, 0xc0, 0x01, 0x80, 0x01, 
	0xce, 0x0f, 0x00, 0x80, 0x01, 0x80, 0x01, 0x9c, 0x03, 0x00, 0x80, 0x03, 0x80, 0x01, 0x38, 0x00, 
	0x00, 0x00, 0x03, 0xc0, 0x01, 0xf0, 0x03, 0x00, 0x00, 0x07, 0xc0, 0x00, 0xc0, 0x03, 0x00, 0x00, 
	0x1e, 0xe0, 0x00, 0x00, 0x03, 0x00, 0x00, 0x7c, 0x70, 0x00, 0x00, 0x03, 0x00, 0x00, 0x70, 0x30, 
	0x00, 0x00, 0x03, 0x00, 0x00, 0x00, 0x30, 0x00, 0x00, 0x03, 0x00, 0x00, 0x00, 0x30, 0x00, 0x00, 
	0x03, 0x00, 0x00, 0x00, 0x30, 0x00, 0x00, 0x03, 0xf8, 0x03, 0x00, 0x30, 0x00, 0x00, 0x03, 0xff, 
	0x0f, 0x00, 0x30, 0x00, 0x00, 0xc3, 0x07, 0x3e, 0x00, 0x30, 0x00, 0x00, 0xc3, 0x01, 0x78, 0x70, 
	0x30, 0x00, 0x00, 0xe3, 0x00, 0x60, 0xf8, 0x30, 0x00, 0x00, 0x63, 0x00, 0x60, 0xd8, 0x30, 0x00, 
	0x00, 0x63, 0x00, 0x60, 0xdc, 0x31, 0x00, 0x00, 0x63, 0x00, 0x60, 0x8c, 0x31, 0x00, 0x00, 0x63, 
	0x00, 0x60, 0x8c, 0x31, 0x00, 0x00, 0x63, 0x00, 0x60, 0x8c, 0x39, 0x00, 0x00, 0x63, 0x00, 0x60, 
	0x8c, 0x31, 0x00, 0x00, 0x63, 0x00, 0x60, 0x8c, 0x39, 0x00, 0x00, 0x63, 0x00, 0x60, 0x8c, 0x31, 
	0x00, 0x00, 0x63, 0x00, 0x60, 0x8c, 0x39, 0x00, 0x00, 0x63, 0x00, 0x60, 0x8c, 0x19, 0x00, 0x00, 
	0x63, 0x00, 0x60, 0x8c, 0x39, 0x00, 0x00, 0x63, 0x00, 0x60, 0x8c, 0x19, 0x00, 0x00, 0x63, 0x00, 
	0x60, 0x8c, 0x39, 0x00, 0x00, 0x63, 0x00, 0x60, 0x8c, 0x19, 0x00, 0x00, 0x63, 0x00, 0x60, 0x8c, 
	0x19, 0x00, 0x00, 0x63, 0x00, 0x60, 0x8c, 0x19, 0x00, 0x00, 0x77, 0x00, 0xe0, 0x8c, 0x19, 0x00, 
	0x00, 0x3e, 0x00, 0xc0, 0x87, 0x1f, 0x00, 0x00, 0x1e, 0x00, 0x80, 0x07, 0x0f, 0x00
};
// '_a_frm24,40', 50x50px
const unsigned char epd_bitmap__a_frm24_40 [] PROGMEM = {
	0x00, 0x00, 0x06, 0x00, 0x00, 0x00, 0x00, 0x00, 0x00, 0x0f, 0x00, 0x00, 0x00, 0x00, 0x00, 0x80, 
	0x0f, 0x00, 0x00, 0x00, 0x00, 0x00, 0xc0, 0x0d, 0x00, 0x00, 0x00, 0x00, 0x00, 0xf0, 0x0e, 0x00, 
	0x03, 0x80, 0x03, 0xe0, 0x7f, 0x06, 0x00, 0x07, 0xc0, 0x03, 0xf8, 0x9f, 0x03, 0x00, 0x0f, 0xe3, 
	0x03, 0x3c, 0xf0, 0x01, 0x00, 0xff, 0x7f, 0x03, 0xcc, 0xff, 0x00, 0x00, 0xfb, 0x3f, 0x03, 0xe6, 
	0x1f, 0x00, 0x00, 0x03, 0x00, 0x03, 0x76, 0x00, 0x00, 0x00, 0x03, 0x00, 0x03, 0x3b, 0x00, 0x00, 
	0x00, 0x23, 0x10, 0x03, 0x1b, 0x00, 0xfc, 0x1f, 0x73, 0x38, 0x03, 0x1b, 0x80, 0xff, 0xff, 0x73, 
	0x38, 0x03, 0x3b, 0xf0, 0x03, 0xf0, 0x03, 0x00, 0x03, 0x77, 0x7e, 0x00, 0x80, 0x03, 0x00, 0x03, 
	0xe6, 0x1f, 0x00, 0x00, 0x03, 0x80, 0x03, 0xce, 0x03, 0x00, 0x00, 0x07, 0x80, 0x01, 0x1c, 0x00, 
	0x00, 0x00, 0x0e, 0x80, 0x01, 0xf8, 0x01, 0x00, 0x00, 0x1c, 0xc0, 0x01, 0xe0, 0x03, 0x00, 0x00, 
	0x78, 0xe0, 0x00, 0x00, 0x03, 0x00, 0x00, 0xf0, 0x60, 0x00, 0x00, 0x03, 0x00, 0x00, 0x00, 0x60, 
	0x00, 0x00, 0x03, 0x00, 0x00, 0x00, 0x60, 0x00, 0x00, 0x03, 0x00, 0x00, 0x00, 0x60, 0x00, 0x00, 
	0x03, 0x00, 0x00, 0x00, 0x60, 0x00, 0x00, 0x03, 0xf8, 0x07, 0x00, 0x60, 0x00, 0x00, 0x03, 0xff, 
	0x1f, 0x00, 0x60, 0x00, 0x00, 0xc3, 0x0f, 0x7c, 0x00, 0x60, 0x00, 0x00, 0xc3, 0x01, 0xe0, 0xe0, 
	0x60, 0x00, 0x00, 0x63, 0x00, 0xc0, 0xf0, 0x61, 0x00, 0x00, 0x63, 0x00, 0xc0, 0xb1, 0x61, 0x00, 
	0x00, 0x63, 0x00, 0xc0, 0x39, 0x63, 0x00, 0x00, 0x63, 0x00, 0xc0, 0x19, 0x63, 0x00, 0x00, 0x63, 
	0x00, 0xc0, 0x19, 0x63, 0x00, 0x00, 0x63, 0x00, 0xc0, 0x19, 0x63, 0x00, 0x00, 0x63, 0x00, 0xc0, 
	0x19, 0x63, 0x00, 0x00, 0x63, 0x00, 0xc0, 0x19, 0x73, 0x00, 0x00, 0x63, 0x00, 0xc0, 0x19, 0x73, 
	0x00, 0x00, 0x63, 0x00, 0xc0, 0x19, 0x73, 0x00, 0x00, 0x63, 0x00, 0xc0, 0x19, 0x73, 0x00, 0x00, 
	0x63, 0x00, 0xc0, 0x19, 0x73, 0x00, 0x00, 0x63, 0x00, 0xc0, 0x19, 0x73, 0x00, 0x00, 0x63, 0x00, 
	0xc0, 0x19, 0x73, 0x00, 0x00, 0x63, 0x00, 0xc0, 0x19, 0x73, 0x00, 0x00, 0x63, 0x00, 0xc0, 0x19, 
	0x73, 0x00, 0x00, 0x63, 0x00, 0xc0, 0x19, 0x73, 0x00, 0x00, 0x73, 0x00, 0x80, 0x19, 0x33, 0x00, 
	0x00, 0x3f, 0x00, 0x80, 0x1f, 0x3f, 0x00, 0x00, 0x1e, 0x00, 0x00, 0x0f, 0x1e, 0x00
};
// '_a_frm25,40', 50x50px
const unsigned char epd_bitmap__a_frm25_40 [] PROGMEM = {
	0x00, 0x00, 0x07, 0x00, 0x00, 0x00, 0x00, 0x00, 0x80, 0x0f, 0x00, 0x00, 0x00, 0x00, 0x00, 0x80, 
	0x0d, 0x00, 0x00, 0x00, 0x00, 0x00, 0xc0, 0x0d, 0x00, 0x03, 0x00, 0x03, 0x00, 0xf0, 0x06, 0x00, 
	0x07, 0x80, 0x03, 0xe0, 0x7f, 0x07, 0x00, 0x0f, 0xc0, 0x03, 0xf8, 0x9f, 0x03, 0x00, 0xdf, 0xef, 
	0x03, 0x3c, 0xf0, 0x01, 0x00, 0xfb, 0x7f, 0x03, 0xce, 0xff, 0x00, 0x00, 0x73, 0x38, 0x03, 0xf6, 
	0x1f, 0x00, 0x00, 0x03, 0x00, 0x03, 0x77, 0x00, 0x00, 0x00, 0x03, 0x00, 0x03, 0x3b, 0x00, 0x00, 
	0x00, 0x73, 0x38, 0x03, 0x1b, 0x00, 0xf8, 0x0f, 0x73, 0x38, 0x03, 0x1b, 0x80, 0xff, 0xff, 0x73, 
	0x38, 0x03, 0x1b, 0xf0, 0x07, 0xf8, 0x03, 0x00, 0x03, 0x33, 0xfc, 0x00, 0x80, 0x03, 0x00, 0x03, 
	0xf6, 0x1f, 0x00, 0x00, 0x07, 0x00, 0x03, 0xc6, 0x03, 0x00, 0x00, 0x06, 0x80, 0x03, 0x1c, 0x00, 
	0x00, 0x00, 0x0e, 0x80, 0x01, 0xf8, 0x01, 0x00, 0x00, 0x3c, 0xc0, 0x01, 0xf0, 0x03, 0x00, 0x00, 
	0xf8, 0xe0, 0x00, 0x00, 0x03, 0x00, 0x00, 0xe0, 0x60, 0x00, 0x00, 0x03, 0x00, 0x00, 0x00, 0x60, 
	0x00, 0x00, 0x03, 0x00, 0x00, 0x00, 0x60, 0x00, 0x00, 0x03, 0x00, 0x00, 0x00, 0x60, 0x00, 0x00, 
	0x03, 0x00, 0x00, 0x00, 0x60, 0x00, 0x00, 0x03, 0xf0, 0x07, 0x00, 0x60, 0x00, 0x00, 0x03, 0xff, 
	0x3f, 0x00, 0x60, 0x00, 0x00, 0x83, 0x0f, 0xfc, 0x00, 0x60, 0x00, 0x00, 0xc3, 0x01, 0xe0, 0xc0, 
	0x61, 0x00, 0x00, 0x63, 0x00, 0x80, 0xe1, 0x61, 0x00, 0x00, 0x63, 0x00, 0x80, 0x31, 0x63, 0x00, 
	0x00, 0x63, 0x00, 0x80, 0x31, 0x63, 0x00, 0x00, 0x63, 0x00, 0x80, 0x31, 0x63, 0x00, 0x00, 0x63, 
	0x00, 0x80, 0x31, 0x63, 0x00, 0x00, 0x63, 0x00, 0x80, 0x31, 0x63, 0x00, 0x00, 0x63, 0x00, 0x80, 
	0x31, 0x63, 0x00, 0x00, 0x63, 0x00, 0x80, 0x31, 0x63, 0x00, 0x00, 0x63, 0x00, 0x80, 0x31, 0x63, 
	0x00, 0x00, 0x63, 0x00, 0x80, 0x31, 0x63, 0x00, 0x00, 0x63, 0x00, 0x80, 0x31, 0x63, 0x00, 0x00, 
	0x63, 0x00, 0x80, 0x31, 0x63, 0x00, 0x00, 0x63, 0x00, 0x80, 0x31, 0x63, 0x00, 0x00, 0x63, 0x00, 
	0x80, 0x31, 0x63, 0x00, 0x00, 0x63, 0x00, 0x80, 0x31, 0x63, 0x00, 0x00, 0x63, 0x00, 0x80, 0x31, 
	0x63, 0x00, 0x00, 0x63, 0x00, 0x80, 0x31, 0x63, 0x00, 0x00, 0x63, 0x00, 0x80, 0x31, 0x77, 0x00, 
	0x00, 0x3f, 0x00, 0x80, 0x3f, 0x3e, 0x00, 0x00, 0x1e, 0x00, 0x00, 0x1f, 0x1c, 0x00
};

// '_a_frm26,50', 50x50px
const unsigned char epd_bitmap__a_frm26_50 [] PROGMEM = {
	0x00, 0x00, 0x07, 0x00, 0x00, 0x00, 0x00, 0x00, 0x80, 0x0f, 0x00, 0x00, 0x00, 0x00, 0x00, 0x80, 
	0x0d, 0x00, 0x00, 0x00, 0x00, 0x00, 0xc0, 0x0d, 0x00, 0x03, 0x00, 0x03, 0x00, 0xf0, 0x06, 0x00, 
	0x07, 0x80, 0x03, 0xe0, 0x7f, 0x07, 0x00, 0x0f, 0xc0, 0x03, 0xf8, 0x9f, 0x03, 0x00, 0xdf, 0xef, 
	0x03, 0x3c, 0xf0, 0x01, 0x00, 0xfb, 0x7f, 0x03, 0xce, 0xff, 0x00, 0x00, 0x73, 0x38, 0x03, 0xf6, 
	0x1f, 0x00, 0x00, 0x03, 0x00, 0x03, 0x77, 0x00, 0x00, 0x00, 0x03, 0x00, 0x03, 0x3b, 0x00, 0x00, 
	0x00, 0x73, 0x38, 0x03, 0x1b, 0x00, 0xf8, 0x0f, 0x73, 0x38, 0x03, 0x1b, 0x80, 0xff, 0xff, 0x73, 
	0x38, 0x03, 0x1b, 0xf0, 0x07, 0xf8, 0x03, 0x00, 0x03, 0x33, 0xfc, 0x00, 0x80, 0x03, 0x00, 0x03, 
	0xf6, 0x1f, 0x00, 0x00, 0x07, 0x00, 0x03, 0xc6, 0x03, 0x00, 0x00, 0x06, 0x80, 0x03, 0x1c, 0x00, 
	0x00, 0x00, 0x0e, 0x80, 0x01, 0xf8, 0x01, 0x00, 0x00, 0x3c, 0xc0, 0x01, 0xf0, 0x03, 0x00, 0x00, 
	0xf8, 0xe0, 0x00, 0x00, 0x03, 0x00, 0x00, 0xe0, 0x60, 0x00, 0x00, 0x03, 0x00, 0x00, 0x00, 0x60, 
	0x00, 0x00, 0x03, 0x00, 0x00, 0x00, 0x60, 0x00, 0x00, 0x03, 0x00, 0x00, 0x00, 0x60, 0x00, 0x00, 
	0x03, 0x00, 0x00, 0x00, 0x60, 0x00, 0x00, 0x03, 0xf0, 0x07, 0x00, 0x60, 0x00, 0x00, 0x03, 0xff, 
	0x3f, 0x00, 0x60, 0x00, 0x00, 0x83, 0x0f, 0xfc, 0x00, 0x60, 0x00, 0x00, 0xc3, 0x01, 0xe0, 0xc0, 
	0x61, 0x00, 0x00, 0x63, 0x00, 0x80, 0xe1, 0x61, 0x00, 0x00, 0x63, 0x00, 0x80, 0x31, 0x63, 0x00, 
	0x00, 0x63, 0x00, 0x80, 0x31, 0x63, 0x00, 0x00, 0x63, 0x00, 0x80, 0x31, 0x63, 0x00, 0x00, 0x63, 
	0x00, 0x80, 0x31, 0x63, 0x00, 0x00, 0x63, 0x00, 0x80, 0x31, 0x63, 0x00, 0x00, 0x63, 0x00, 0x80, 
	0x31, 0x63, 0x00, 0x00, 0x63, 0x00, 0x80, 0x31, 0x63, 0x00, 0x00, 0x63, 0x00, 0x80, 0x31, 0x63, 
	0x00, 0x00, 0x63, 0x00, 0x80, 0x31, 0x63, 0x00, 0x00, 0x63, 0x00, 0x80, 0x31, 0x63, 0x00, 0x00, 
	0x63, 0x00, 0x80, 0x31, 0x63, 0x00, 0x00, 0x63, 0x00, 0x80, 0x31, 0x63, 0x00, 0x00, 0x63, 0x00, 
	0x80, 0x31, 0x63, 0x00, 0x00, 0x63, 0x00, 0x80, 0x31, 0x63, 0x00, 0x00, 0x63, 0x00, 0x80, 0x31, 
	0x63, 0x00, 0x00, 0x63, 0x00, 0x80, 0x31, 0x63, 0x00, 0x00, 0x63, 0x00, 0x80, 0x31, 0x77, 0x00, 
	0x00, 0x3f, 0x00, 0x80, 0x3f, 0x3e, 0x00, 0x00, 0x1e, 0x00, 0x00, 0x1f, 0x1c, 0x00
};
// '_a_frm0,40', 50x50px
const unsigned char epd_bitmap__a_frm0_40 [] PROGMEM = {
	0x00, 0x00, 0x07, 0x00, 0x00, 0x00, 0x00, 0x00, 0x80, 0x0f, 0x00, 0x00, 0x00, 0x00, 0x00, 0x80, 
	0x0d, 0x00, 0x00, 0x00, 0x00, 0x00, 0xc0, 0x0d, 0x00, 0x03, 0x00, 0x03, 0x00, 0xf0, 0x06, 0x00, 
	0x07, 0x80, 0x03, 0xe0, 0x7f, 0x07, 0x00, 0x0f, 0xc0, 0x03, 0xf8, 0x9f, 0x03, 0x00, 0xdf, 0xef, 
	0x03, 0x3c, 0xf0, 0x01, 0x00, 0xfb, 0x7f, 0x03, 0xce, 0xff, 0x00, 0x00, 0x73, 0x38, 0x03, 0xf6, 
	0x1f, 0x00, 0x00, 0x03, 0x00, 0x03, 0x77, 0x00, 0x00, 0x00, 0x03, 0x00, 0x03, 0x3b, 0x00, 0x00, 
	0x00, 0x73, 0x38, 0x03, 0x1b, 0x00, 0xf8, 0x0f, 0x73, 0x38, 0x03, 0x1b, 0x80, 0xff, 0xff, 0x73, 
	0x38, 0x03, 0x1b, 0xf0, 0x07, 0xf8, 0x03, 0x00, 0x03, 0x33, 0xfc, 0x00, 0x80, 0x03, 0x00, 0x03, 
	0xf6, 0x1f, 0x00, 0x00, 0x07, 0x00, 0x03, 0xc6, 0x03, 0x00, 0x00, 0x06, 0x80, 0x03, 0x1c, 0x00, 
	0x00, 0x00, 0x0e, 0x80, 0x01, 0xf8, 0x01, 0x00, 0x00, 0x3c, 0xc0, 0x01, 0xf0, 0x03, 0x00, 0x00, 
	0xf8, 0xe0, 0x00, 0x00, 0x03, 0x00, 0x00, 0xe0, 0x60, 0x00, 0x00, 0x03, 0x00, 0x00, 0x00, 0x60, 
	0x00, 0x00, 0x03, 0x00, 0x00, 0x00, 0x60, 0x00, 0x00, 0x03, 0x00, 0x00, 0x00, 0x60, 0x00, 0x00, 
	0x03, 0x00, 0x00, 0x00, 0x60, 0x00, 0x00, 0x03, 0xf0, 0x07, 0x00, 0x60, 0x00, 0x00, 0x03, 0xff, 
	0x3f, 0x00, 0x60, 0x00, 0x00, 0x83, 0x0f, 0xfc, 0x00, 0x60, 0x00, 0x00, 0xc3, 0x01, 0xe0, 0xc0, 
	0x61, 0x00, 0x00, 0x63, 0x00, 0x80, 0xe1, 0x61, 0x00, 0x00, 0x63, 0x00, 0x80, 0x31, 0x63, 0x00, 
	0x00, 0x63, 0x00, 0x80, 0x31, 0x63, 0x00, 0x00, 0x63, 0x00, 0x80, 0x31, 0x63, 0x00, 0x00, 0x63, 
	0x00, 0x80, 0x31, 0x63, 0x00, 0x00, 0x63, 0x00, 0x80, 0x31, 0x63, 0x00, 0x00, 0x63, 0x00, 0x80, 
	0x31, 0x63, 0x00, 0x00, 0x63, 0x00, 0x80, 0x31, 0x63, 0x00, 0x00, 0x63, 0x00, 0x80, 0x31, 0x63, 
	0x00, 0x00, 0x63, 0x00, 0x80, 0x31, 0x63, 0x00, 0x00, 0x63, 0x00, 0x80, 0x31, 0x63, 0x00, 0x00, 
	0x63, 0x00, 0x80, 0x31, 0x63, 0x00, 0x00, 0x63, 0x00, 0x80, 0x31, 0x63, 0x00, 0x00, 0x63, 0x00, 
	0x80, 0x31, 0x63, 0x00, 0x00, 0x63, 0x00, 0x80, 0x31, 0x63, 0x00, 0x00, 0x63, 0x00, 0x80, 0x31, 
	0x63, 0x00, 0x00, 0x63, 0x00, 0x80, 0x31, 0x63, 0x00, 0x00, 0x63, 0x00, 0x80, 0x31, 0x77, 0x00, 
	0x00, 0x3f, 0x00, 0x80, 0x3f, 0x3e, 0x00, 0x00, 0x1e, 0x00, 0x00, 0x1f, 0x1c, 0x00
};
// '_a_frm1,40', 50x50px
const unsigned char epd_bitmap__a_frm1_40 [] PROGMEM = {
	0x00, 0x00, 0x07, 0x00, 0x00, 0x00, 0x00, 0x00, 0x80, 0x0f, 0x00, 0x00, 0x00, 0x00, 0x00, 0x80, 
	0x0d, 0x00, 0x00, 0x00, 0x00, 0x00, 0xc0, 0x0d, 0x00, 0x03, 0x00, 0x03, 0x00, 0xf0, 0x06, 0x00, 
	0x07, 0x80, 0x03, 0xe0, 0x7f, 0x07, 0x00, 0x0f, 0xc0, 0x03, 0xf8, 0x9f, 0x03, 0x00, 0xdf, 0xef, 
	0x03, 0x3c, 0xf0, 0x01, 0x00, 0xfb, 0x7f, 0x03, 0xce, 0xff, 0x00, 0x00, 0x73, 0x38, 0x03, 0xf6, 
	0x1f, 0x00, 0x00, 0x03, 0x00, 0x03, 0x77, 0x00, 0x00, 0x00, 0x03, 0x00, 0x03, 0x3b, 0x00, 0x00, 
	0x00, 0x73, 0x38, 0x03, 0x1b, 0x00, 0xf8, 0x0f, 0x73, 0x38, 0x03, 0x1b, 0x80, 0xff, 0xff, 0x73, 
	0x38, 0x03, 0x1b, 0xf0, 0x07, 0xf8, 0x03, 0x00, 0x03, 0x33, 0xfc, 0x00, 0x80, 0x03, 0x00, 0x03, 
	0xf6, 0x1f, 0x00, 0x00, 0x07, 0x00, 0x03, 0xc6, 0x03, 0x00, 0x00, 0x06, 0x80, 0x03, 0x1c, 0x00, 
	0x00, 0x00, 0x0e, 0x80, 0x01, 0xf8, 0x01, 0x00, 0x00, 0x3c, 0xc0, 0x01, 0xf0, 0x03, 0x00, 0x00, 
	0xf8, 0xe0, 0x00, 0x00, 0x03, 0x00, 0x00, 0xe0, 0x60, 0x00, 0x00, 0x03, 0x00, 0x00, 0x00, 0x60, 
	0x00, 0x00, 0x03, 0x00, 0x00, 0x00, 0x60, 0x00, 0x00, 0x03, 0x00, 0x00, 0x00, 0x60, 0x00, 0x00, 
	0x03, 0x00, 0x00, 0x00, 0x60, 0x00, 0x00, 0x03, 0xf0, 0x07, 0x00, 0x60, 0x00, 0x00, 0x03, 0xff, 
	0x3f, 0x00, 0x60, 0x00, 0x00, 0x83, 0x0f, 0xfc, 0x00, 0x60, 0x00, 0x00, 0xc3, 0x01, 0xe0, 0xc0, 
	0x61, 0x00, 0x00, 0x63, 0x00, 0x80, 0xe1, 0x61, 0x00, 0x00, 0x63, 0x00, 0x80, 0x31, 0x63, 0x00, 
	0x00, 0x63, 0x00, 0x80, 0x31, 0x63, 0x00, 0x00, 0x63, 0x00, 0x80, 0x31, 0x63, 0x00, 0x00, 0x63, 
	0x00, 0x80, 0x31, 0x63, 0x00, 0x00, 0x63, 0x00, 0x80, 0x31, 0x63, 0x00, 0x00, 0x63, 0x00, 0x80, 
	0x31, 0x63, 0x00, 0x00, 0x63, 0x00, 0x80, 0x31, 0x63, 0x00, 0x00, 0x63, 0x00, 0x80, 0x31, 0x63, 
	0x00, 0x00, 0x63, 0x00, 0x80, 0x31, 0x63, 0x00, 0x00, 0x63, 0x00, 0x80, 0x31, 0x63, 0x00, 0x00, 
	0x63, 0x00, 0x80, 0x31, 0x63, 0x00, 0x00, 0x63, 0x00, 0x80, 0x31, 0x63, 0x00, 0x00, 0x63, 0x00, 
	0x80, 0x31, 0x63, 0x00, 0x00, 0x63, 0x00, 0x80, 0x31, 0x63, 0x00, 0x00, 0x63, 0x00, 0x80, 0x31, 
	0x63, 0x00, 0x00, 0x63, 0x00, 0x80, 0x31, 0x63, 0x00, 0x00, 0x63, 0x00, 0x80, 0x31, 0x77, 0x00, 
	0x00, 0x3f, 0x00, 0x80, 0x3f, 0x3e, 0x00, 0x00, 0x1e, 0x00, 0x00, 0x1f, 0x1c, 0x00
};
// '_a_frm2,50', 50x50px
const unsigned char epd_bitmap__a_frm2_50 [] PROGMEM = {
	0x00, 0x00, 0x07, 0x00, 0x00, 0x00, 0x00, 0x00, 0x80, 0x0f, 0x00, 0x00, 0x00, 0x00, 0x00, 0x80, 
	0x0d, 0x00, 0x00, 0x00, 0x00, 0x00, 0xc0, 0x0d, 0x00, 0x03, 0x00, 0x03, 0x00, 0xf0, 0x06, 0x00, 
	0x07, 0x80, 0x03, 0xe0, 0x7f, 0x07, 0x00, 0x0f, 0xc0, 0x03, 0xf8, 0x9f, 0x03, 0x00, 0xdf, 0xef, 
	0x03, 0x3c, 0xf0, 0x01, 0x00, 0xfb, 0x7f, 0x03, 0xce, 0xff, 0x00, 0x00, 0x73, 0x38, 0x03, 0xf6, 
	0x1f, 0x00, 0x00, 0x03, 0x00, 0x03, 0x77, 0x00, 0x00, 0x00, 0x03, 0x00, 0x03, 0x3b, 0x00, 0x00, 
	0x00, 0x73, 0x38, 0x03, 0x1b, 0x00, 0xf8, 0x0f, 0x73, 0x38, 0x03, 0x1b, 0x80, 0xff, 0xff, 0x73, 
	0x38, 0x03, 0x1b, 0xf0, 0x07, 0xf8, 0x03, 0x00, 0x03, 0x33, 0xfc, 0x00, 0x80, 0x03, 0x00, 0x03, 
	0xf6, 0x1f, 0x00, 0x00, 0x07, 0x00, 0x03, 0xc6, 0x03, 0x00, 0x00, 0x06, 0x80, 0x03, 0x1c, 0x00, 
	0x00, 0x00, 0x0e, 0x80, 0x01, 0xf8, 0x01, 0x00, 0x00, 0x3c, 0xc0, 0x01, 0xf0, 0x03, 0x00, 0x00, 
	0xf8, 0xe0, 0x00, 0x00, 0x03, 0x00, 0x00, 0xe0, 0x60, 0x00, 0x00, 0x03, 0x00, 0x00, 0x00, 0x60, 
	0x00, 0x00, 0x03, 0x00, 0x00, 0x00, 0x60, 0x00, 0x00, 0x03, 0x00, 0x00, 0x00, 0x60, 0x00, 0x00, 
	0x03, 0x00, 0x00, 0x00, 0x60, 0x00, 0x00, 0x03, 0xf0, 0x07, 0x00, 0x60, 0x00, 0x00, 0x03, 0xff, 
	0x3f, 0x00, 0x60, 0x00, 0x00, 0x83, 0x0f, 0xfc, 0x00, 0x60, 0x00, 0x00, 0xc3, 0x01, 0xe0, 0xc0, 
	0x61, 0x00, 0x00, 0x63, 0x00, 0x80, 0xe1, 0x61, 0x00, 0x00, 0x63, 0x00, 0x80, 0x31, 0x63, 0x00, 
	0x00, 0x63, 0x00, 0x80, 0x31, 0x63, 0x00, 0x00, 0x63, 0x00, 0x80, 0x31, 0x63, 0x00, 0x00, 0x63, 
	0x00, 0x80, 0x31, 0x63, 0x00, 0x00, 0x63, 0x00, 0x80, 0x31, 0x63, 0x00, 0x00, 0x63, 0x00, 0x80, 
	0x31, 0x63, 0x00, 0x00, 0x63, 0x00, 0x80, 0x31, 0x63, 0x00, 0x00, 0x63, 0x00, 0x80, 0x31, 0x63, 
	0x00, 0x00, 0x63, 0x00, 0x80, 0x31, 0x63, 0x00, 0x00, 0x63, 0x00, 0x80, 0x31, 0x63, 0x00, 0x00, 
	0x63, 0x00, 0x80, 0x31, 0x63, 0x00, 0x00, 0x63, 0x00, 0x80, 0x31, 0x63, 0x00, 0x00, 0x63, 0x00, 
	0x80, 0x31, 0x63, 0x00, 0x00, 0x63, 0x00, 0x80, 0x31, 0x63, 0x00, 0x00, 0x63, 0x00, 0x80, 0x31, 
	0x63, 0x00, 0x00, 0x63, 0x00, 0x80, 0x31, 0x63, 0x00, 0x00, 0x63, 0x00, 0x80, 0x31, 0x77, 0x00, 
	0x00, 0x3f, 0x00, 0x80, 0x3f, 0x3e, 0x00, 0x00, 0x1e, 0x00, 0x00, 0x1f, 0x1c, 0x00
};
// '_a_frm3,40', 50x50px
const unsigned char epd_bitmap__a_frm3_40 [] PROGMEM = {
	0x00, 0x00, 0x07, 0x00, 0x00, 0x00, 0x00, 0x00, 0x80, 0x0f, 0x00, 0x00, 0x00, 0x00, 0x00, 0x80, 
	0x0d, 0x00, 0x00, 0x00, 0x00, 0x00, 0xc0, 0x0d, 0x00, 0x03, 0x00, 0x03, 0x00, 0xf0, 0x06, 0x00, 
	0x07, 0x80, 0x03, 0xe0, 0x7f, 0x07, 0x00, 0x0f, 0xc0, 0x03, 0xf8, 0x9f, 0x03, 0x00, 0xdf, 0xef, 
	0x03, 0x3c, 0xf0, 0x01, 0x00, 0xfb, 0x7f, 0x03, 0xce, 0xff, 0x00, 0x00, 0x73, 0x38, 0x03, 0xf6, 
	0x1f, 0x00, 0x00, 0x03, 0x00, 0x03, 0x77, 0x00, 0x00, 0x00, 0x03, 0x00, 0x03, 0x3b, 0x00, 0x00, 
	0x00, 0x73, 0x38, 0x03, 0x1b, 0x00, 0xf8, 0x0f, 0x73, 0x38, 0x03, 0x1b, 0x80, 0xff, 0xff, 0x73, 
	0x38, 0x03, 0x1b, 0xf0, 0x07, 0xf8, 0x03, 0x00, 0x03, 0x33, 0xfc, 0x00, 0x80, 0x03, 0x00, 0x03, 
	0xf6, 0x1f, 0x00, 0x00, 0x07, 0x00, 0x03, 0xc6, 0x03, 0x00, 0x00, 0x06, 0x80, 0x03, 0x1c, 0x00, 
	0x00, 0x00, 0x0e, 0x80, 0x01, 0xf8, 0x01, 0x00, 0x00, 0x3c, 0xc0, 0x01, 0xf0, 0x03, 0x00, 0x00, 
	0xf8, 0xe0, 0x00, 0x00, 0x03, 0x00, 0x00, 0xe0, 0x60, 0x00, 0x00, 0x03, 0x00, 0x00, 0x00, 0x60, 
	0x00, 0x00, 0x03, 0x00, 0x00, 0x00, 0x60, 0x00, 0x00, 0x03, 0x00, 0x00, 0x00, 0x60, 0x00, 0x00, 
	0x03, 0x00, 0x00, 0x00, 0x60, 0x00, 0x00, 0x03, 0xf0, 0x07, 0x00, 0x60, 0x00, 0x00, 0x03, 0xff, 
	0x3f, 0x00, 0x60, 0x00, 0x00, 0x83, 0x0f, 0xfc, 0x00, 0x60, 0x00, 0x00, 0xc3, 0x01, 0xe0, 0xc0, 
	0x61, 0x00, 0x00, 0x63, 0x00, 0x80, 0xe1, 0x61, 0x00, 0x00, 0x63, 0x00, 0x80, 0x31, 0x63, 0x00, 
	0x00, 0x63, 0x00, 0x80, 0x31, 0x63, 0x00, 0x00, 0x63, 0x00, 0x80, 0x31, 0x63, 0x00, 0x00, 0x63, 
	0x00, 0x80, 0x31, 0x63, 0x00, 0x00, 0x63, 0x00, 0x80, 0x31, 0x63, 0x00, 0x00, 0x63, 0x00, 0x80, 
	0x31, 0x63, 0x00, 0x00, 0x63, 0x00, 0x80, 0x31, 0x63, 0x00, 0x00, 0x63, 0x00, 0x80, 0x31, 0x63, 
	0x00, 0x00, 0x63, 0x00, 0x80, 0x31, 0x63, 0x00, 0x00, 0x63, 0x00, 0x80, 0x31, 0x63, 0x00, 0x00, 
	0x63, 0x00, 0x80, 0x31, 0x63, 0x00, 0x00, 0x63, 0x00, 0x80, 0x31, 0x63, 0x00, 0x00, 0x63, 0x00, 
	0x80, 0x31, 0x63, 0x00, 0x00, 0x63, 0x00, 0x80, 0x31, 0x63, 0x00, 0x00, 0x63, 0x00, 0x80, 0x31, 
	0x63, 0x00, 0x00, 0x63, 0x00, 0x80, 0x31, 0x63, 0x00, 0x00, 0x63, 0x00, 0x80, 0x31, 0x77, 0x00, 
	0x00, 0x3f, 0x00, 0x80, 0x3f, 0x3e, 0x00, 0x00, 0x1e, 0x00, 0x00, 0x1f, 0x1c, 0x00
};
// '_a_frm4,40', 50x50px
const unsigned char epd_bitmap__a_frm4_40 [] PROGMEM = {
	0x00, 0x00, 0x06, 0x00, 0x00, 0x00, 0x00, 0x00, 0x00, 0x0f, 0x00, 0x00, 0x00, 0x00, 0x00, 0x80, 
	0x0f, 0x00, 0x00, 0x00, 0x00, 0x00, 0xc0, 0x0d, 0x00, 0x00, 0x00, 0x00, 0x00, 0xf0, 0x0e, 0x00, 
	0x03, 0x80, 0x03, 0xe0, 0x7f, 0x06, 0x00, 0x07, 0xc0, 0x03, 0xf8, 0x9f, 0x03, 0x00, 0x0f, 0xe3, 
	0x03, 0x3c, 0xf0, 0x01, 0x00, 0xff, 0x7f, 0x03, 0xcc, 0xff, 0x00, 0x00, 0xfb, 0x3f, 0x03, 0xe6, 
	0x1f, 0x00, 0x00, 0x03, 0x00, 0x03, 0x76, 0x00, 0x00, 0x00, 0x03, 0x00, 0x03, 0x3b, 0x00, 0x00, 
	0x00, 0x23, 0x10, 0x03, 0x1b, 0x00, 0xfc, 0x1f, 0x73, 0x38, 0x03, 0x1b, 0x80, 0xff, 0xff, 0x73, 
	0x38, 0x03, 0x3b, 0xf0, 0x03, 0xf0, 0x03, 0x00, 0x03, 0x77, 0x7e, 0x00, 0x80, 0x03, 0x00, 0x03, 
	0xe6, 0x1f, 0x00, 0x00, 0x03, 0x80, 0x03, 0xce, 0x03, 0x00, 0x00, 0x07, 0x80, 0x01, 0x1c, 0x00, 
	0x00, 0x00, 0x0e, 0x80, 0x01, 0xf8, 0x01, 0x00, 0x00, 0x1c, 0xc0, 0x01, 0xe0, 0x03, 0x00, 0x00, 
	0x78, 0xe0, 0x00, 0x00, 0x03, 0x00, 0x00, 0xf0, 0x60, 0x00, 0x00, 0x03, 0x00, 0x00, 0x00, 0x60, 
	0x00, 0x00, 0x03, 0x00, 0x00, 0x00, 0x60, 0x00, 0x00, 0x03, 0x00, 0x00, 0x00, 0x60, 0x00, 0x00, 
	0x03, 0x00, 0x00, 0x00, 0x60, 0x00, 0x00, 0x03, 0xf8, 0x07, 0x00, 0x60, 0x00, 0x00, 0x03, 0xff, 
	0x1f, 0x00, 0x60, 0x00, 0x00, 0xc3, 0x0f, 0x7c, 0x00, 0x60, 0x00, 0x00, 0xc3, 0x01, 0xe0, 0xe0, 
	0x60, 0x00, 0x00, 0x63, 0x00, 0xc0, 0xf0, 0x61, 0x00, 0x00, 0x63, 0x00, 0xc0, 0xb1, 0x61, 0x00, 
	0x00, 0x63, 0x00, 0xc0, 0x39, 0x63, 0x00, 0x00, 0x63, 0x00, 0xc0, 0x19, 0x63, 0x00, 0x00, 0x63, 
	0x00, 0xc0, 0x19, 0x63, 0x00, 0x00, 0x63, 0x00, 0xc0, 0x19, 0x63, 0x00, 0x00, 0x63, 0x00, 0xc0, 
	0x19, 0x63, 0x00, 0x00, 0x63, 0x00, 0xc0, 0x19, 0x73, 0x00, 0x00, 0x63, 0x00, 0xc0, 0x19, 0x73, 
	0x00, 0x00, 0x63, 0x00, 0xc0, 0x19, 0x73, 0x00, 0x00, 0x63, 0x00, 0xc0, 0x19, 0x73, 0x00, 0x00, 
	0x63, 0x00, 0xc0, 0x19, 0x73, 0x00, 0x00, 0x63, 0x00, 0xc0, 0x19, 0x73, 0x00, 0x00, 0x63, 0x00, 
	0xc0, 0x19, 0x73, 0x00, 0x00, 0x63, 0x00, 0xc0, 0x19, 0x73, 0x00, 0x00, 0x63, 0x00, 0xc0, 0x19, 
	0x73, 0x00, 0x00, 0x63, 0x00, 0xc0, 0x19, 0x73, 0x00, 0x00, 0x73, 0x00, 0x80, 0x19, 0x33, 0x00, 
	0x00, 0x3f, 0x00, 0x80, 0x1f, 0x3f, 0x00, 0x00, 0x1e, 0x00, 0x00, 0x0f, 0x1e, 0x00
};
// '_a_frm6,40', 50x50px
const unsigned char epd_bitmap__a_frm6_40 [] PROGMEM = {
	0x00, 0x00, 0x00, 0x00, 0x00, 0x00, 0x00, 0x00, 0x00, 0x00, 0x00, 0x00, 0x00, 0x00, 0x00, 0x00, 
	0x18, 0x00, 0x00, 0x00, 0x00, 0x00, 0xfc, 0x3f, 0x00, 0x00, 0x00, 0x00, 0x80, 0xff, 0x3f, 0x00, 
	0x00, 0x00, 0x00, 0xe0, 0x1f, 0x1c, 0x00, 0x00, 0x00, 0x00, 0x70, 0xf8, 0x0f, 0x80, 0x01, 0xc0, 
	0x00, 0x38, 0xff, 0x07, 0x80, 0x03, 0xe0, 0x00, 0x98, 0x1f, 0x00, 0xc0, 0x07, 0xf0, 0x00, 0xcc, 
	0x01, 0x00, 0xc0, 0xff, 0xff, 0x00, 0xec, 0x00, 0x00, 0xc0, 0xfc, 0xdf, 0x00, 0x6c, 0x00, 0xfe, 
	0xc7, 0x08, 0xc4, 0x00, 0x6c, 0xc0, 0xff, 0xdf, 0x00, 0xc0, 0x00, 0x6c, 0xf0, 0x03, 0xfc, 0x00, 
	0xc0, 0x00, 0xec, 0x78, 0x00, 0xf0, 0x18, 0xcc, 0x00, 0xcc, 0x1f, 0x00, 0xe0, 0x38, 0xce, 0x00, 
	0x9c, 0x07, 0x00, 0xc0, 0x18, 0xcc, 0x00, 0x38, 0x00, 0x00, 0xc0, 0x00, 0xc0, 0x00, 0xf0, 0x01, 
	0x00, 0xc0, 0x01, 0xc0, 0x00, 0xe0, 0x03, 0x00, 0x80, 0x01, 0xc0, 0x00, 0x00, 0x03, 0x00, 0x80, 
	0x03, 0x60, 0x00, 0x00, 0x03, 0x00, 0x00, 0x07, 0x70, 0x00, 0x00, 0x03, 0x00, 0x00, 0x3e, 0x38, 
	0x00, 0x00, 0x03, 0x00, 0x00, 0x3c, 0x1c, 0x00, 0x00, 0x03, 0x00, 0x00, 0x00, 0x0c, 0x00, 0x00, 
	0x03, 0x00, 0x00, 0x00, 0x0c, 0x00, 0x00, 0x03, 0xfc, 0x01, 0x00, 0x0c, 0x00, 0x00, 0x03, 0xff, 
	0x07, 0x00, 0x0c, 0x00, 0x00, 0xc3, 0x07, 0x0f, 0x00, 0x0c, 0x00, 0x00, 0xc3, 0x01, 0x1c, 0x18, 
	0x0c, 0x00, 0x00, 0x63, 0x00, 0x18, 0x3c, 0x0c, 0x00, 0x00, 0x63, 0x00, 0x38, 0x7e, 0x0c, 0x00, 
	0x00, 0x63, 0x00, 0x30, 0x66, 0x0c, 0x00, 0x00, 0x63, 0x00, 0x30, 0x66, 0x0c, 0x00, 0x00, 0x63, 
	0x00, 0x30, 0x66, 0x0c, 0x00, 0x00, 0x63, 0x00, 0x30, 0x67, 0x0c, 0x00, 0x00, 0x63, 0x00, 0x30, 
	0x67, 0x0c, 0x00, 0x00, 0x63, 0x00, 0x30, 0x63, 0x0c, 0x00, 0x00, 0x63, 0x00, 0x30, 0x63, 0x0c, 
	0x00, 0x00, 0x63, 0x00, 0x30, 0x63, 0x0c, 0x00, 0x00, 0x73, 0x00, 0x30, 0x63, 0x0c, 0x00, 0x00, 
	0x73, 0x00, 0x30, 0x63, 0x0c, 0x00, 0x00, 0x73, 0x00, 0x30, 0x63, 0x0c, 0x00, 0x00, 0x33, 0x00, 
	0x30, 0xe3, 0x0c, 0x00, 0x00, 0x33, 0x00, 0x30, 0x63, 0x0c, 0x00, 0x00, 0x33, 0x00, 0x30, 0xe3, 
	0x0c, 0x00, 0x00, 0x33, 0x00, 0x30, 0xc3, 0x0c, 0x00, 0x00, 0x37, 0x00, 0x30, 0xc3, 0x0e, 0x00, 
	0x00, 0x3e, 0x00, 0xf0, 0xc1, 0x07, 0x00, 0x00, 0x1c, 0x00, 0xe0, 0x80, 0x03, 0x00
};
// '_a_frm7,40', 50x50px
const unsigned char epd_bitmap__a_frm7_40 [] PROGMEM = {
	0x00, 0x00, 0x00, 0x00, 0x00, 0x00, 0x00, 0x00, 0x00, 0x00, 0x00, 0x00, 0x00, 0x00, 0x00, 0x00, 
	0x00, 0x00, 0x00, 0x00, 0x00, 0x00, 0xff, 0x7f, 0x00, 0x00, 0x00, 0x00, 0x80, 0xff, 0x7f, 0x00, 
	0x00, 0x00, 0x00, 0xe0, 0x01, 0x7e, 0x00, 0x00, 0x00, 0x00, 0x60, 0xfe, 0x3f, 0x00, 0x00, 0x00, 
	0x00, 0x30, 0xff, 0x07, 0xc0, 0x00, 0x20, 0x00, 0xb8, 0x03, 0x00, 0xc0, 0x01, 0x70, 0x00, 0x98, 
	0x01, 0x00, 0xc0, 0x03, 0x78, 0x00, 0xd8, 0x00, 0xfc, 0xe1, 0x67, 0x7c, 0x00, 0xd8, 0x80, 0xff, 
	0x67, 0xfe, 0x6f, 0x00, 0xd8, 0xe0, 0x03, 0x6f, 0xfc, 0x67, 0x00, 0xd8, 0xf0, 0x00, 0x7c, 0x00, 
	0x60, 0x00, 0x98, 0x3d, 0x00, 0x78, 0x00, 0x60, 0x00, 0xb8, 0x1f, 0x00, 0x70, 0x00, 0x60, 0x00, 
	0x30, 0x06, 0x00, 0x60, 0x0c, 0x67, 0x00, 0xf0, 0x00, 0x00, 0x60, 0x1c, 0x67, 0x00, 0xe0, 0x03, 
	0x00, 0x60, 0x08, 0x62, 0x00, 0x80, 0x07, 0x00, 0xe0, 0x00, 0x60, 0x00, 0x00, 0x03, 0x00, 0xc0, 
	0x00, 0x70, 0x00, 0x00, 0x03, 0x00, 0xc0, 0x01, 0x30, 0x00, 0x00, 0x03, 0x00, 0x80, 0x03, 0x38, 
	0x00, 0x00, 0x03, 0x00, 0x00, 0x07, 0x1c, 0x00, 0x00, 0x03, 0x00, 0x00, 0x1e, 0x0e, 0x00, 0x00, 
	0x03, 0x00, 0x00, 0x18, 0x07, 0x00, 0x00, 0x03, 0x7e, 0x00, 0x00, 0x07, 0x00, 0x00, 0x83, 0xff, 
	0x01, 0x00, 0x07, 0x00, 0x00, 0xc3, 0xc3, 0x03, 0x00, 0x07, 0x00, 0x00, 0xc3, 0x00, 0x07, 0x04, 
	0x07, 0x00, 0x00, 0x63, 0x00, 0x06, 0x0f, 0x07, 0x00, 0x00, 0x63, 0x00, 0x86, 0x1f, 0x07, 0x00, 
	0x00, 0x63, 0x00, 0x8e, 0x19, 0x07, 0x00, 0x00, 0x63, 0x00, 0x8c, 0x19, 0x07, 0x00, 0x00, 0x63, 
	0x00, 0x8c, 0x39, 0x07, 0x00, 0x00, 0x63, 0x00, 0x8c, 0x31, 0x07, 0x00, 0x00, 0x73, 0x00, 0xcc, 
	0x31, 0x03, 0x00, 0x00, 0x73, 0x00, 0xcc, 0x30, 0x03, 0x00, 0x00, 0x33, 0x00, 0xcc, 0x30, 0x03, 
	0x00, 0x00, 0x33, 0x00, 0xcc, 0x30, 0x03, 0x00, 0x00, 0x33, 0x00, 0xcc, 0x30, 0x03, 0x00, 0x00, 
	0x33, 0x00, 0xcc, 0x30, 0x03, 0x00, 0x00, 0x33, 0x00, 0xcc, 0x30, 0x03, 0x00, 0x00, 0x33, 0x00, 
	0xcc, 0x30, 0x03, 0x00, 0x00, 0x33, 0x00, 0xcc, 0x30, 0x03, 0x00, 0x00, 0x33, 0x00, 0xcc, 0x30, 
	0x03, 0x00, 0x00, 0x33, 0x00, 0xcc, 0x30, 0x03, 0x00, 0x00, 0x37, 0x00, 0xec, 0x70, 0x03, 0x00, 
	0x00, 0x1e, 0x00, 0x7c, 0xe0, 0x01, 0x00, 0x00, 0x1c, 0x00, 0x38, 0xc0, 0x01, 0x00
};
// '_a_frm5,40', 50x50px
const unsigned char epd_bitmap__a_frm5_40 [] PROGMEM = {
	0x00, 0x00, 0x00, 0x00, 0x00, 0x00, 0x00, 0x00, 0x00, 0x0e, 0x00, 0x00, 0x00, 0x00, 0x00, 0x00, 
	0x1e, 0x00, 0x00, 0x00, 0x00, 0x00, 0x80, 0x1f, 0x00, 0x00, 0x00, 0x00, 0x00, 0xff, 0x1f, 0x00, 
	0x01, 0x00, 0x00, 0xe0, 0xff, 0x0e, 0x80, 0x03, 0xc0, 0x01, 0xf0, 0x80, 0x07, 0x80, 0x07, 0xe0, 
	0x01, 0x38, 0xff, 0x03, 0x80, 0x8f, 0xf1, 0x01, 0xdc, 0xff, 0x00, 0x80, 0xfd, 0xbf, 0x01, 0xec, 
	0x01, 0x00, 0x80, 0xf9, 0x9f, 0x01, 0x76, 0x00, 0x00, 0x80, 0x01, 0x80, 0x01, 0x36, 0x00, 0xf0, 
	0x81, 0x01, 0x80, 0x01, 0x36, 0x00, 0xff, 0x9f, 0x01, 0x80, 0x01, 0x36, 0xe0, 0x9f, 0xff, 0x39, 
	0x9c, 0x01, 0x76, 0xf8, 0x01, 0xf0, 0x39, 0x9c, 0x01, 0xe6, 0x3e, 0x00, 0xc0, 0x01, 0x80, 0x01, 
	0xce, 0x0f, 0x00, 0x80, 0x01, 0x80, 0x01, 0x9c, 0x03, 0x00, 0x80, 0x03, 0x80, 0x01, 0x38, 0x00, 
	0x00, 0x00, 0x03, 0xc0, 0x01, 0xf0, 0x03, 0x00, 0x00, 0x07, 0xc0, 0x00, 0xc0, 0x03, 0x00, 0x00, 
	0x1e, 0xe0, 0x00, 0x00, 0x03, 0x00, 0x00, 0x7c, 0x70, 0x00, 0x00, 0x03, 0x00, 0x00, 0x70, 0x30, 
	0x00, 0x00, 0x03, 0x00, 0x00, 0x00, 0x30, 0x00, 0x00, 0x03, 0x00, 0x00, 0x00, 0x30, 0x00, 0x00, 
	0x03, 0x00, 0x00, 0x00, 0x30, 0x00, 0x00, 0x03, 0xf8, 0x03, 0x00, 0x30, 0x00, 0x00, 0x03, 0xff, 
	0x0f, 0x00, 0x30, 0x00, 0x00, 0xc3, 0x07, 0x3e, 0x00, 0x30, 0x00, 0x00, 0xc3, 0x01, 0x78, 0x70, 
	0x30, 0x00, 0x00, 0xe3, 0x00, 0x60, 0xf8, 0x30, 0x00, 0x00, 0x63, 0x00, 0x60, 0xd8, 0x30, 0x00, 
	0x00, 0x63, 0x00, 0x60, 0xdc, 0x31, 0x00, 0x00, 0x63, 0x00, 0x60, 0x8c, 0x31, 0x00, 0x00, 0x63, 
	0x00, 0x60, 0x8c, 0x31, 0x00, 0x00, 0x63, 0x00, 0x60, 0x8c, 0x39, 0x00, 0x00, 0x63, 0x00, 0x60, 
	0x8c, 0x31, 0x00, 0x00, 0x63, 0x00, 0x60, 0x8c, 0x39, 0x00, 0x00, 0x63, 0x00, 0x60, 0x8c, 0x31, 
	0x00, 0x00, 0x63, 0x00, 0x60, 0x8c, 0x39, 0x00, 0x00, 0x63, 0x00, 0x60, 0x8c, 0x19, 0x00, 0x00, 
	0x63, 0x00, 0x60, 0x8c, 0x39, 0x00, 0x00, 0x63, 0x00, 0x60, 0x8c, 0x19, 0x00, 0x00, 0x63, 0x00, 
	0x60, 0x8c, 0x39, 0x00, 0x00, 0x63, 0x00, 0x60, 0x8c, 0x19, 0x00, 0x00, 0x63, 0x00, 0x60, 0x8c, 
	0x19, 0x00, 0x00, 0x63, 0x00, 0x60, 0x8c, 0x19, 0x00, 0x00, 0x77, 0x00, 0xe0, 0x8c, 0x19, 0x00, 
	0x00, 0x3e, 0x00, 0xc0, 0x87, 0x1f, 0x00, 0x00, 0x1e, 0x00, 0x80, 0x07, 0x0f, 0x00
};
// '_a_frm9,40', 50x50px
const unsigned char epd_bitmap__a_frm9_40 [] PROGMEM = {
	0x00, 0x00, 0x00, 0x00, 0x00, 0x00, 0x00, 0x00, 0xf0, 0x3f, 0x00, 0x00, 0x00, 0x00, 0x00, 0xfc, 
	0xff, 0x00, 0x00, 0x00, 0x00, 0x00, 0x1f, 0xe0, 0x01, 0x00, 0x00, 0x00, 0x80, 0xe7, 0x9f, 0x03, 
	0x00, 0x00, 0x00, 0xc0, 0xf9, 0xff, 0x07, 0x00, 0x00, 0x00, 0xc0, 0x3c, 0xe0, 0x07, 0x00, 0x00, 
	0x00, 0xe0, 0x0e, 0x80, 0x03, 0x00, 0x00, 0x00, 0x60, 0x06, 0x38, 0x00, 0x00, 0x00, 0x00, 0x60, 
	0x07, 0xff, 0x00, 0x00, 0x00, 0x00, 0x60, 0x83, 0xc7, 0x61, 0x00, 0x1c, 0x00, 0x60, 0xc3, 0x81, 
	0xf3, 0x00, 0x1e, 0x00, 0x60, 0xe3, 0x00, 0xf7, 0x00, 0x1e, 0x00, 0x60, 0x77, 0x00, 0xbe, 0x19, 
	0x1f, 0x00, 0x60, 0x3e, 0x00, 0x9c, 0xff, 0x19, 0x00, 0xe0, 0x1c, 0x00, 0x1c, 0xff, 0x18, 0x00, 
	0xc0, 0x01, 0x00, 0x18, 0x00, 0x18, 0x00, 0x80, 0x07, 0x00, 0x18, 0x00, 0x18, 0x00, 0x00, 0x07, 
	0x00, 0x18, 0x00, 0x18, 0x00, 0x00, 0x07, 0x00, 0x18, 0x01, 0x1b, 0x00, 0x00, 0x03, 0x00, 0x18, 
	0xcf, 0x1b, 0x00, 0x00, 0x03, 0x00, 0x18, 0x86, 0x19, 0x00, 0x00, 0x03, 0x00, 0x38, 0x00, 0x18, 
	0x00, 0x80, 0x01, 0x00, 0x30, 0x00, 0x0c, 0x00, 0x80, 0x01, 0x00, 0x70, 0x00, 0x0c, 0x00, 0x80, 
	0x01, 0x00, 0xe0, 0x00, 0x06, 0x00, 0x80, 0x01, 0x1f, 0xc0, 0x83, 0x07, 0x00, 0x80, 0x81, 0x3f, 
	0x80, 0xc7, 0x01, 0x00, 0x80, 0xc1, 0x31, 0x00, 0xe6, 0x00, 0x00, 0x80, 0xe1, 0x60, 0x00, 0xe0, 
	0x00, 0x00, 0x80, 0x61, 0x60, 0xe0, 0x61, 0x00, 0x00, 0x80, 0x61, 0xe0, 0xf0, 0x61, 0x00, 0x00, 
	0x80, 0x61, 0xc0, 0x30, 0x63, 0x00, 0x00, 0x80, 0x63, 0xc0, 0x30, 0x63, 0x00, 0x00, 0x00, 0x73, 
	0xc0, 0x18, 0x63, 0x00, 0x00, 0x00, 0x33, 0xc0, 0x18, 0x63, 0x00, 0x00, 0x00, 0x33, 0xc0, 0x18, 
	0x67, 0x00, 0x00, 0x00, 0x33, 0xc0, 0x18, 0x66, 0x00, 0x00, 0x00, 0x33, 0xc0, 0x18, 0x66, 0x00, 
	0x00, 0x00, 0x33, 0xc0, 0x0c, 0x66, 0x00, 0x00, 0x00, 0x33, 0xc0, 0x0c, 0x66, 0x00, 0x00, 0x00, 
	0x33, 0xc0, 0x0c, 0x66, 0x00, 0x00, 0x00, 0x33, 0xc0, 0x0c, 0x66, 0x00, 0x00, 0x00, 0x3b, 0xc0, 
	0x0c, 0x66, 0x00, 0x00, 0x00, 0x1b, 0xc0, 0x0c, 0x66, 0x00, 0x00, 0x00, 0x1b, 0xc0, 0x0e, 0x66, 
	0x00, 0x00, 0x00, 0x1b, 0xc0, 0x06, 0x66, 0x00, 0x00, 0x00, 0x1f, 0xc0, 0x07, 0x7e, 0x00, 0x00, 
	0x00, 0x1e, 0x80, 0x07, 0x3c, 0x00, 0x00, 0x00, 0x0e, 0x00, 0x03, 0x38, 0x00, 0x00
};
// '_a_frm10,40', 50x50px
const unsigned char epd_bitmap__a_frm10_40 [] PROGMEM = {
	0x00, 0x80, 0x1f, 0x00, 0x00, 0x00, 0x00, 0x00, 0xf0, 0xff, 0x00, 0x00, 0x00, 0x00, 0x00, 0xfc, 
	0xf0, 0x01, 0x00, 0x00, 0x00, 0x00, 0x8e, 0x9f, 0x03, 0x00, 0x00, 0x00, 0x00, 0xe7, 0x7f, 0x07, 
	0x00, 0x00, 0x00, 0x80, 0xf9, 0xf0, 0x0e, 0x00, 0x00, 0x00, 0xc0, 0x3d, 0xc0, 0x0d, 0x00, 0x00, 
	0x00, 0xc0, 0x0c, 0x80, 0x0f, 0x00, 0x00, 0x00, 0xc0, 0x0e, 0x3e, 0x07, 0x00, 0x00, 0x00, 0x60, 
	0x06, 0xff, 0x00, 0x00, 0x00, 0x00, 0x60, 0xc6, 0xc3, 0x21, 0x00, 0x00, 0x00, 0x60, 0xe6, 0x81, 
	0x71, 0x00, 0x0c, 0x00, 0x60, 0x66, 0x80, 0x7b, 0x00, 0x0e, 0x00, 0xe0, 0x3e, 0x00, 0xff, 0x00, 
	0x0f, 0x00, 0xc0, 0x3c, 0x00, 0xde, 0x9d, 0x0f, 0x00, 0xc0, 0x19, 0x00, 0x9c, 0xff, 0x0d, 0x00, 
	0x80, 0x03, 0x00, 0x0c, 0xf7, 0x0c, 0x00, 0x00, 0x07, 0x00, 0x0c, 0x00, 0x0c, 0x00, 0x00, 0x07, 
	0x00, 0x0c, 0x00, 0x0c, 0x00, 0x00, 0x03, 0x00, 0x0c, 0x00, 0x0c, 0x00, 0x00, 0x03, 0x00, 0x8c, 
	0x01, 0x0d, 0x00, 0x00, 0x03, 0x00, 0x8c, 0xe5, 0x0d, 0x00, 0x80, 0x01, 0x00, 0x18, 0xc3, 0x0c, 
	0x00, 0x80, 0x01, 0x00, 0x18, 0x00, 0x0c, 0x00, 0x80, 0x01, 0x00, 0x38, 0x00, 0x0e, 0x00, 0x80, 
	0x01, 0x00, 0x70, 0x00, 0x06, 0x00, 0x80, 0x01, 0x0f, 0xe0, 0x00, 0x07, 0x00, 0x80, 0x81, 0x1f, 
	0xc0, 0xc3, 0x03, 0x00, 0x80, 0xc1, 0x18, 0x80, 0xf7, 0x00, 0x00, 0x80, 0xe1, 0x30, 0x00, 0x72, 
	0x00, 0x00, 0x80, 0x61, 0x30, 0xf0, 0x70, 0x00, 0x00, 0x80, 0x61, 0x30, 0xf8, 0x30, 0x00, 0x00, 
	0x80, 0x61, 0x30, 0xd8, 0x31, 0x00, 0x00, 0x80, 0x61, 0x70, 0x9c, 0x31, 0x00, 0x00, 0x80, 0x31, 
	0x60, 0x8c, 0x31, 0x00, 0x00, 0x80, 0x33, 0x60, 0x8c, 0x31, 0x00, 0x00, 0x00, 0x33, 0x60, 0x8c, 
	0x33, 0x00, 0x00, 0x00, 0x33, 0x60, 0x0c, 0x33, 0x00, 0x00, 0x00, 0x33, 0x60, 0x06, 0x33, 0x00, 
	0x00, 0x00, 0x33, 0x60, 0x06, 0x33, 0x00, 0x00, 0x00, 0x33, 0x60, 0x06, 0x33, 0x00, 0x00, 0x00, 
	0x3b, 0x60, 0x06, 0x33, 0x00, 0x00, 0x00, 0x1b, 0x60, 0x06, 0x33, 0x00, 0x00, 0x00, 0x1b, 0x60, 
	0x03, 0x33, 0x00, 0x00, 0x00, 0x1b, 0x60, 0x03, 0x33, 0x00, 0x00, 0x00, 0x1b, 0x60, 0x03, 0x33, 
	0x00, 0x00, 0x00, 0x1b, 0x60, 0x03, 0x37, 0x00, 0x00, 0x00, 0x1f, 0xe0, 0x03, 0x3e, 0x00, 0x00, 
	0x00, 0x1e, 0xe0, 0x01, 0x1e, 0x00, 0x00, 0x00, 0x0e, 0xc0, 0x00, 0x1c, 0x00, 0x00
};
// '_a_frm8,50', 50x50px
const unsigned char epd_bitmap__a_frm8_50 [] PROGMEM = {
	0x00, 0x00, 0x00, 0x00, 0x00, 0x00, 0x00, 0x00, 0x00, 0x00, 0x00, 0x00, 0x00, 0x00, 0x00, 0xfc, 
	0x3f, 0x00, 0x00, 0x00, 0x00, 0x00, 0xff, 0xff, 0x00, 0x00, 0x00, 0x00, 0x80, 0x07, 0xe0, 0x01, 
	0x00, 0x00, 0x00, 0xc0, 0xf9, 0xff, 0x01, 0x00, 0x00, 0x00, 0xe0, 0xfc, 0xff, 0x01, 0x00, 0x00, 
	0x00, 0x60, 0x0e, 0x00, 0x00, 0x00, 0x00, 0x00, 0x30, 0x07, 0x00, 0x40, 0x00, 0x00, 0x00, 0x30, 
	0x03, 0x7c, 0xe0, 0x00, 0x38, 0x00, 0xb0, 0x01, 0xff, 0xe1, 0x01, 0x3c, 0x00, 0xb0, 0xc1, 0x87, 
	0xf3, 0x01, 0x3e, 0x00, 0xb0, 0xe1, 0x01, 0x37, 0xff, 0x37, 0x00, 0xb0, 0x73, 0x00, 0x3e, 0xff, 
	0x33, 0x00, 0x30, 0x3f, 0x00, 0x3c, 0x06, 0x31, 0x00, 0x70, 0x0e, 0x00, 0x38, 0x00, 0x30, 0x00, 
	0xe0, 0x00, 0x00, 0x30, 0x00, 0x30, 0x00, 0xc0, 0x03, 0x00, 0x30, 0x00, 0x30, 0x00, 0x80, 0x07, 
	0x00, 0x30, 0x8e, 0x33, 0x00, 0x00, 0x07, 0x00, 0x30, 0x8e, 0x33, 0x00, 0x00, 0x03, 0x00, 0x30, 
	0x00, 0x30, 0x00, 0x00, 0x03, 0x00, 0x70, 0x00, 0x38, 0x00, 0x00, 0x03, 0x00, 0x60, 0x00, 0x18, 
	0x00, 0x00, 0x03, 0x00, 0xe0, 0x00, 0x18, 0x00, 0x80, 0x03, 0x00, 0xc0, 0x01, 0x0c, 0x00, 0x80, 
	0x03, 0x00, 0x80, 0x8f, 0x07, 0x00, 0x80, 0x01, 0x3e, 0x00, 0x8e, 0x03, 0x00, 0x80, 0x83, 0x7f, 
	0x00, 0x80, 0x01, 0x00, 0x80, 0xc3, 0xe1, 0x00, 0x80, 0x01, 0x00, 0x80, 0xc3, 0xc0, 0x01, 0x81, 
	0x01, 0x00, 0x00, 0x63, 0x80, 0xc1, 0x83, 0x01, 0x00, 0x80, 0x63, 0x80, 0xc1, 0x87, 0x01, 0x00, 
	0x00, 0x63, 0x80, 0xe3, 0x86, 0x01, 0x00, 0x00, 0x63, 0x00, 0x63, 0x8e, 0x01, 0x00, 0x00, 0x63, 
	0x00, 0x63, 0x8c, 0x01, 0x00, 0x00, 0x73, 0x00, 0x63, 0x8c, 0x01, 0x00, 0x00, 0x33, 0x00, 0x63, 
	0x8c, 0x01, 0x00, 0x00, 0x33, 0x00, 0x73, 0x8c, 0x01, 0x00, 0x00, 0x33, 0x00, 0x33, 0x8c, 0x01, 
	0x00, 0x00, 0x33, 0x00, 0x33, 0x8c, 0x01, 0x00, 0x00, 0x33, 0x00, 0x33, 0x8c, 0x01, 0x00, 0x00, 
	0x33, 0x00, 0x33, 0x8c, 0x01, 0x00, 0x00, 0x33, 0x00, 0x33, 0x8c, 0x01, 0x00, 0x00, 0x33, 0x00, 
	0x33, 0xcc, 0x01, 0x00, 0x00, 0x33, 0x00, 0x33, 0xdc, 0x01, 0x00, 0x00, 0x33, 0x00, 0x3b, 0xdc, 
	0x00, 0x00, 0x00, 0x3b, 0x00, 0x1b, 0xd8, 0x00, 0x00, 0x00, 0x1b, 0x00, 0x1b, 0xd8, 0x00, 0x00, 
	0x00, 0x1e, 0x00, 0x1f, 0xf8, 0x00, 0x00, 0x00, 0x0c, 0x00, 0x0e, 0x70, 0x00, 0x00
};
// '_a_frm11,40', 50x50px
const unsigned char epd_bitmap__a_frm11_40 [] PROGMEM = {
	0x00, 0xc0, 0x3f, 0x00, 0x00, 0x00, 0x00, 0x00, 0xf0, 0xff, 0x00, 0x00, 0x00, 0x00, 0x00, 0x7c, 
	0xc0, 0x03, 0x00, 0x00, 0x00, 0x00, 0x8e, 0x3f, 0x07, 0x00, 0x00, 0x00, 0x00, 0xe7, 0x7f, 0x0e, 
	0x00, 0x00, 0x00, 0x80, 0xf3, 0xe0, 0x0d, 0x00, 0x00, 0x00, 0xc0, 0x39, 0x80, 0x0d, 0x00, 0x00, 
	0x00, 0xc0, 0x0c, 0x00, 0x0f, 0x00, 0x00, 0x00, 0xc0, 0x0e, 0x7e, 0x0f, 0x00, 0x00, 0x00, 0xc0, 
	0x06, 0xff, 0x00, 0x00, 0x00, 0x00, 0x60, 0xc6, 0xc3, 0x01, 0x00, 0x00, 0x00, 0x60, 0xe6, 0xc0, 
	0x31, 0x00, 0x04, 0x00, 0xe0, 0x66, 0x80, 0x7b, 0x00, 0x0e, 0x00, 0xc0, 0x3c, 0x00, 0xff, 0x00, 
	0x0f, 0x00, 0xc0, 0x3c, 0x00, 0xde, 0x80, 0x0f, 0x00, 0xc0, 0x19, 0x00, 0xce, 0xff, 0x0d, 0x00, 
	0x80, 0x03, 0x00, 0x8c, 0xff, 0x0c, 0x00, 0x00, 0x07, 0x00, 0x0c, 0x00, 0x0c, 0x00, 0x00, 0x07, 
	0x00, 0x0c, 0x00, 0x0c, 0x00, 0x00, 0x03, 0x00, 0x0c, 0x00, 0x0c, 0x00, 0x00, 0x03, 0x00, 0x0c, 
	0x00, 0x0d, 0x00, 0x80, 0x03, 0x00, 0x8c, 0xe1, 0x0d, 0x00, 0x80, 0x01, 0x00, 0x0c, 0xe7, 0x0c, 
	0x00, 0x80, 0x01, 0x00, 0x18, 0x00, 0x0c, 0x00, 0x80, 0x01, 0x00, 0x18, 0x00, 0x06, 0x00, 0x80, 
	0x01, 0x00, 0x38, 0x00, 0x06, 0x00, 0x80, 0x81, 0x07, 0x70, 0x00, 0x03, 0x00, 0x80, 0xc1, 0x0f, 
	0xe0, 0xc1, 0x03, 0x00, 0x80, 0xc1, 0x18, 0xc0, 0xf3, 0x01, 0x00, 0x80, 0xe1, 0x18, 0x00, 0x73, 
	0x00, 0x00, 0x80, 0x61, 0x38, 0x70, 0x30, 0x00, 0x00, 0x80, 0x61, 0x30, 0xf8, 0x30, 0x00, 0x00, 
	0x80, 0x61, 0x30, 0xdc, 0x30, 0x00, 0x00, 0x80, 0x71, 0x30, 0xcc, 0x31, 0x00, 0x00, 0x80, 0x31, 
	0x30, 0x8c, 0x31, 0x00, 0x00, 0x80, 0x33, 0x30, 0x8c, 0x31, 0x00, 0x00, 0x00, 0x33, 0x30, 0x86, 
	0x31, 0x00, 0x00, 0x00, 0x33, 0x30, 0x86, 0x31, 0x00, 0x00, 0x00, 0x33, 0x30, 0x86, 0x31, 0x00, 
	0x00, 0x00, 0x33, 0x30, 0x86, 0x31, 0x00, 0x00, 0x00, 0x33, 0x30, 0x87, 0x33, 0x00, 0x00, 0x00, 
	0x3b, 0x30, 0x03, 0x33, 0x00, 0x00, 0x00, 0x1b, 0x30, 0x03, 0x33, 0x00, 0x00, 0x00, 0x1b, 0x30, 
	0x03, 0x3b, 0x00, 0x00, 0x00, 0x1b, 0x30, 0x03, 0x1b, 0x00, 0x00, 0x00, 0x1b, 0xb0, 0x03, 0x1b, 
	0x00, 0x00, 0x00, 0x1b, 0xb0, 0x01, 0x1b, 0x00, 0x00, 0x00, 0x1f, 0xe0, 0x01, 0x1f, 0x00, 0x00, 
	0x00, 0x0e, 0xe0, 0x01, 0x1e, 0x00, 0x00, 0x00, 0x0e, 0xc0, 0x00, 0x0c, 0x00, 0x00
};
// '_a_frm14,50', 50x50px
const unsigned char epd_bitmap__a_frm14_50 [] PROGMEM = {
	0x00, 0xc0, 0x3f, 0x00, 0x00, 0x00, 0x00, 0x00, 0xf0, 0xff, 0x00, 0x00, 0x00, 0x00, 0x00, 0x7c, 
	0xc0, 0x03, 0x00, 0x00, 0x00, 0x00, 0x8e, 0x3f, 0x07, 0x00, 0x00, 0x00, 0x00, 0xe7, 0x7f, 0x0e, 
	0x00, 0x00, 0x00, 0x80, 0xf3, 0xe0, 0x0d, 0x00, 0x00, 0x00, 0xc0, 0x39, 0x80, 0x0d, 0x00, 0x00, 
	0x00, 0xc0, 0x0c, 0x00, 0x0f, 0x00, 0x00, 0x00, 0xc0, 0x0e, 0x7e, 0x0f, 0x00, 0x00, 0x00, 0xc0, 
	0x06, 0xff, 0x00, 0x00, 0x00, 0x00, 0x60, 0xc6, 0xc3, 0x01, 0x00, 0x00, 0x00, 0x60, 0xe6, 0xc0, 
	0x31, 0x00, 0x04, 0x00, 0xe0, 0x66, 0x80, 0x7b, 0x00, 0x0e, 0x00, 0xc0, 0x3c, 0x00, 0xff, 0x00, 
	0x0f, 0x00, 0xc0, 0x3c, 0x00, 0xde, 0x80, 0x0f, 0x00, 0xc0, 0x19, 0x00, 0xce, 0xff, 0x0d, 0x00, 
	0x80, 0x03, 0x00, 0x8c, 0xff, 0x0c, 0x00, 0x00, 0x07, 0x00, 0x0c, 0x00, 0x0c, 0x00, 0x00, 0x07, 
	0x00, 0x0c, 0x00, 0x0c, 0x00, 0x00, 0x03, 0x00, 0x0c, 0x00, 0x0c, 0x00, 0x00, 0x03, 0x00, 0x0c, 
	0x00, 0x0d, 0x00, 0x80, 0x03, 0x00, 0x8c, 0xe1, 0x0d, 0x00, 0x80, 0x01, 0x00, 0x0c, 0xe7, 0x0c, 
	0x00, 0x80, 0x01, 0x00, 0x18, 0x00, 0x0c, 0x00, 0x80, 0x01, 0x00, 0x18, 0x00, 0x06, 0x00, 0x80, 
	0x01, 0x00, 0x38, 0x00, 0x06, 0x00, 0x80, 0x81, 0x07, 0x70, 0x00, 0x03, 0x00, 0x80, 0xc1, 0x0f, 
	0xe0, 0xc1, 0x03, 0x00, 0x80, 0xc1, 0x18, 0xc0, 0xf3, 0x01, 0x00, 0x80, 0xe1, 0x18, 0x00, 0x73, 
	0x00, 0x00, 0x80, 0x61, 0x38, 0x70, 0x30, 0x00, 0x00, 0x80, 0x61, 0x30, 0xf8, 0x30, 0x00, 0x00, 
	0x80, 0x61, 0x30, 0xdc, 0x30, 0x00, 0x00, 0x80, 0x71, 0x30, 0xcc, 0x31, 0x00, 0x00, 0x80, 0x31, 
	0x30, 0x8c, 0x31, 0x00, 0x00, 0x80, 0x33, 0x30, 0x8c, 0x31, 0x00, 0x00, 0x00, 0x33, 0x30, 0x86, 
	0x31, 0x00, 0x00, 0x00, 0x33, 0x30, 0x86, 0x31, 0x00, 0x00, 0x00, 0x33, 0x30, 0x86, 0x31, 0x00, 
	0x00, 0x00, 0x33, 0x30, 0x86, 0x31, 0x00, 0x00, 0x00, 0x33, 0x30, 0x87, 0x33, 0x00, 0x00, 0x00, 
	0x3b, 0x30, 0x03, 0x33, 0x00, 0x00, 0x00, 0x1b, 0x30, 0x03, 0x33, 0x00, 0x00, 0x00, 0x1b, 0x30, 
	0x03, 0x3b, 0x00, 0x00, 0x00, 0x1b, 0x30, 0x03, 0x1b, 0x00, 0x00, 0x00, 0x1b, 0xb0, 0x03, 0x1b, 
	0x00, 0x00, 0x00, 0x1b, 0xb0, 0x01, 0x1b, 0x00, 0x00, 0x00, 0x1f, 0xe0, 0x01, 0x1f, 0x00, 0x00, 
	0x00, 0x0e, 0xe0, 0x01, 0x1e, 0x00, 0x00, 0x00, 0x0e, 0xc0, 0x00, 0x0c, 0x00, 0x00
};
// '_a_frm16,40', 50x50px
const unsigned char epd_bitmap__a_frm16_40 [] PROGMEM = {
	0x00, 0xc0, 0x3f, 0x00, 0x00, 0x00, 0x00, 0x00, 0xf0, 0xff, 0x00, 0x00, 0x00, 0x00, 0x00, 0x7c, 
	0xc0, 0x03, 0x00, 0x00, 0x00, 0x00, 0x8e, 0x3f, 0x07, 0x00, 0x00, 0x00, 0x00, 0xe7, 0x7f, 0x0e, 
	0x00, 0x00, 0x00, 0x80, 0xf3, 0xe0, 0x0d, 0x00, 0x00, 0x00, 0xc0, 0x39, 0x80, 0x0d, 0x00, 0x00, 
	0x00, 0xc0, 0x0c, 0x00, 0x0f, 0x00, 0x00, 0x00, 0xc0, 0x0e, 0x7e, 0x0f, 0x00, 0x00, 0x00, 0xc0, 
	0x06, 0xff, 0x00, 0x00, 0x00, 0x00, 0x60, 0xc6, 0xc3, 0x01, 0x00, 0x00, 0x00, 0x60, 0xe6, 0xc0, 
	0x31, 0x00, 0x04, 0x00, 0xe0, 0x66, 0x80, 0x7b, 0x00, 0x0e, 0x00, 0xc0, 0x3c, 0x00, 0xff, 0x00, 
	0x0f, 0x00, 0xc0, 0x3c, 0x00, 0xde, 0x80, 0x0f, 0x00, 0xc0, 0x19, 0x00, 0xce, 0xff, 0x0d, 0x00, 
	0x80, 0x03, 0x00, 0x8c, 0xff, 0x0c, 0x00, 0x00, 0x07, 0x00, 0x0c, 0x00, 0x0c, 0x00, 0x00, 0x07, 
	0x00, 0x0c, 0x00, 0x0c, 0x00, 0x00, 0x03, 0x00, 0x0c, 0x00, 0x0c, 0x00, 0x00, 0x03, 0x00, 0x0c, 
	0x00, 0x0d, 0x00, 0x80, 0x03, 0x00, 0x8c, 0xe1, 0x0d, 0x00, 0x80, 0x01, 0x00, 0x0c, 0xe7, 0x0c, 
	0x00, 0x80, 0x01, 0x00, 0x18, 0x00, 0x0c, 0x00, 0x80, 0x01, 0x00, 0x18, 0x00, 0x06, 0x00, 0x80, 
	0x01, 0x00, 0x38, 0x00, 0x06, 0x00, 0x80, 0x81, 0x07, 0x70, 0x00, 0x03, 0x00, 0x80, 0xc1, 0x0f, 
	0xe0, 0xc1, 0x03, 0x00, 0x80, 0xc1, 0x18, 0xc0, 0xf3, 0x01, 0x00, 0x80, 0xe1, 0x18, 0x00, 0x73, 
	0x00, 0x00, 0x80, 0x61, 0x38, 0x70, 0x30, 0x00, 0x00, 0x80, 0x61, 0x30, 0xf8, 0x30, 0x00, 0x00, 
	0x80, 0x61, 0x30, 0xdc, 0x30, 0x00, 0x00, 0x80, 0x71, 0x30, 0xcc, 0x31, 0x00, 0x00, 0x80, 0x31, 
	0x30, 0x8c, 0x31, 0x00, 0x00, 0x80, 0x33, 0x30, 0x8c, 0x31, 0x00, 0x00, 0x00, 0x33, 0x30, 0x86, 
	0x31, 0x00, 0x00, 0x00, 0x33, 0x30, 0x86, 0x31, 0x00, 0x00, 0x00, 0x33, 0x30, 0x86, 0x31, 0x00, 
	0x00, 0x00, 0x33, 0x30, 0x86, 0x31, 0x00, 0x00, 0x00, 0x33, 0x30, 0x87, 0x33, 0x00, 0x00, 0x00, 
	0x3b, 0x30, 0x03, 0x33, 0x00, 0x00, 0x00, 0x1b, 0x30, 0x03, 0x33, 0x00, 0x00, 0x00, 0x1b, 0x30, 
	0x03, 0x3b, 0x00, 0x00, 0x00, 0x1b, 0x30, 0x03, 0x1b, 0x00, 0x00, 0x00, 0x1b, 0xb0, 0x03, 0x1b, 
	0x00, 0x00, 0x00, 0x1b, 0xb0, 0x01, 0x1b, 0x00, 0x00, 0x00, 0x1f, 0xe0, 0x01, 0x1f, 0x00, 0x00, 
	0x00, 0x0e, 0xe0, 0x01, 0x1e, 0x00, 0x00, 0x00, 0x0e, 0xc0, 0x00, 0x0c, 0x00, 0x00
};
// '_a_frm17,40', 50x50px
const unsigned char epd_bitmap__a_frm17_40 [] PROGMEM = {
	0x00, 0xc0, 0x3f, 0x00, 0x00, 0x00, 0x00, 0x00, 0xf0, 0xff, 0x00, 0x00, 0x00, 0x00, 0x00, 0x7c, 
	0xc0, 0x03, 0x00, 0x00, 0x00, 0x00, 0x8e, 0x3f, 0x07, 0x00, 0x00, 0x00, 0x00, 0xe7, 0x7f, 0x0e, 
	0x00, 0x00, 0x00, 0x80, 0xf3, 0xe0, 0x0d, 0x00, 0x00, 0x00, 0xc0, 0x39, 0x80, 0x0d, 0x00, 0x00, 
	0x00, 0xc0, 0x0c, 0x00, 0x0f, 0x00, 0x00, 0x00, 0xc0, 0x0e, 0x7e, 0x0f, 0x00, 0x00, 0x00, 0xc0, 
	0x06, 0xff, 0x00, 0x00, 0x00, 0x00, 0x60, 0xc6, 0xc3, 0x01, 0x00, 0x00, 0x00, 0x60, 0xe6, 0xc0, 
	0x31, 0x00, 0x04, 0x00, 0xe0, 0x66, 0x80, 0x7b, 0x00, 0x0e, 0x00, 0xc0, 0x3c, 0x00, 0xff, 0x00, 
	0x0f, 0x00, 0xc0, 0x3c, 0x00, 0xde, 0x80, 0x0f, 0x00, 0xc0, 0x19, 0x00, 0xce, 0xff, 0x0d, 0x00, 
	0x80, 0x03, 0x00, 0x8c, 0xff, 0x0c, 0x00, 0x00, 0x07, 0x00, 0x0c, 0x00, 0x0c, 0x00, 0x00, 0x07, 
	0x00, 0x0c, 0x00, 0x0c, 0x00, 0x00, 0x03, 0x00, 0x0c, 0x00, 0x0c, 0x00, 0x00, 0x03, 0x00, 0x0c, 
	0x00, 0x0d, 0x00, 0x80, 0x03, 0x00, 0x8c, 0xe1, 0x0d, 0x00, 0x80, 0x01, 0x00, 0x0c, 0xe7, 0x0c, 
	0x00, 0x80, 0x01, 0x00, 0x18, 0x00, 0x0c, 0x00, 0x80, 0x01, 0x00, 0x18, 0x00, 0x06, 0x00, 0x80, 
	0x01, 0x00, 0x38, 0x00, 0x06, 0x00, 0x80, 0x81, 0x07, 0x70, 0x00, 0x03, 0x00, 0x80, 0xc1, 0x0f, 
	0xe0, 0xc1, 0x03, 0x00, 0x80, 0xc1, 0x18, 0xc0, 0xf3, 0x01, 0x00, 0x80, 0xe1, 0x18, 0x00, 0x73, 
	0x00, 0x00, 0x80, 0x61, 0x38, 0x70, 0x30, 0x00, 0x00, 0x80, 0x61, 0x30, 0xf8, 0x30, 0x00, 0x00, 
	0x80, 0x61, 0x30, 0xdc, 0x30, 0x00, 0x00, 0x80, 0x71, 0x30, 0xcc, 0x31, 0x00, 0x00, 0x80, 0x31, 
	0x30, 0x8c, 0x31, 0x00, 0x00, 0x80, 0x33, 0x30, 0x8c, 0x31, 0x00, 0x00, 0x00, 0x33, 0x30, 0x86, 
	0x31, 0x00, 0x00, 0x00, 0x33, 0x30, 0x86, 0x31, 0x00, 0x00, 0x00, 0x33, 0x30, 0x86, 0x31, 0x00, 
	0x00, 0x00, 0x33, 0x30, 0x86, 0x31, 0x00, 0x00, 0x00, 0x33, 0x30, 0x87, 0x33, 0x00, 0x00, 0x00, 
	0x3b, 0x30, 0x03, 0x33, 0x00, 0x00, 0x00, 0x1b, 0x30, 0x03, 0x33, 0x00, 0x00, 0x00, 0x1b, 0x30, 
	0x03, 0x3b, 0x00, 0x00, 0x00, 0x1b, 0x30, 0x03, 0x1b, 0x00, 0x00, 0x00, 0x1b, 0xb0, 0x03, 0x1b, 
	0x00, 0x00, 0x00, 0x1b, 0xb0, 0x01, 0x1b, 0x00, 0x00, 0x00, 0x1f, 0xe0, 0x01, 0x1f, 0x00, 0x00, 
	0x00, 0x0e, 0xe0, 0x01, 0x1e, 0x00, 0x00, 0x00, 0x0e, 0xc0, 0x00, 0x0c, 0x00, 0x00
};
// '_a_frm13,40', 50x50px
const unsigned char epd_bitmap__a_frm13_40 [] PROGMEM = {
	0x00, 0xc0, 0x3f, 0x00, 0x00, 0x00, 0x00, 0x00, 0xf0, 0xff, 0x00, 0x00, 0x00, 0x00, 0x00, 0x7c, 
	0xc0, 0x03, 0x00, 0x00, 0x00, 0x00, 0x8e, 0x3f, 0x07, 0x00, 0x00, 0x00, 0x00, 0xe7, 0x7f, 0x0e, 
	0x00, 0x00, 0x00, 0x80, 0xf3, 0xe0, 0x0d, 0x00, 0x00, 0x00, 0xc0, 0x39, 0x80, 0x0d, 0x00, 0x00, 
	0x00, 0xc0, 0x0c, 0x00, 0x0f, 0x00, 0x00, 0x00, 0xc0, 0x0e, 0x7e, 0x0f, 0x00, 0x00, 0x00, 0xc0, 
	0x06, 0xff, 0x00, 0x00, 0x00, 0x00, 0x60, 0xc6, 0xc3, 0x01, 0x00, 0x00, 0x00, 0x60, 0xe6, 0xc0, 
	0x31, 0x00, 0x04, 0x00, 0xe0, 0x66, 0x80, 0x7b, 0x00, 0x0e, 0x00, 0xc0, 0x3c, 0x00, 0xff, 0x00, 
	0x0f, 0x00, 0xc0, 0x3c, 0x00, 0xde, 0x80, 0x0f, 0x00, 0xc0, 0x19, 0x00, 0xce, 0xff, 0x0d, 0x00, 
	0x80, 0x03, 0x00, 0x8c, 0xff, 0x0c, 0x00, 0x00, 0x07, 0x00, 0x0c, 0x00, 0x0c, 0x00, 0x00, 0x07, 
	0x00, 0x0c, 0x00, 0x0c, 0x00, 0x00, 0x03, 0x00, 0x0c, 0x00, 0x0c, 0x00, 0x00, 0x03, 0x00, 0x0c, 
	0x00, 0x0d, 0x00, 0x80, 0x03, 0x00, 0x8c, 0xe1, 0x0d, 0x00, 0x80, 0x01, 0x00, 0x0c, 0xe7, 0x0c, 
	0x00, 0x80, 0x01, 0x00, 0x18, 0x00, 0x0c, 0x00, 0x80, 0x01, 0x00, 0x18, 0x00, 0x06, 0x00, 0x80, 
	0x01, 0x00, 0x38, 0x00, 0x06, 0x00, 0x80, 0x81, 0x07, 0x70, 0x00, 0x03, 0x00, 0x80, 0xc1, 0x0f, 
	0xe0, 0xc1, 0x03, 0x00, 0x80, 0xc1, 0x18, 0xc0, 0xf3, 0x01, 0x00, 0x80, 0xe1, 0x18, 0x00, 0x73, 
	0x00, 0x00, 0x80, 0x61, 0x38, 0x70, 0x30, 0x00, 0x00, 0x80, 0x61, 0x30, 0xf8, 0x30, 0x00, 0x00, 
	0x80, 0x61, 0x30, 0xdc, 0x30, 0x00, 0x00, 0x80, 0x71, 0x30, 0xcc, 0x31, 0x00, 0x00, 0x80, 0x31, 
	0x30, 0x8c, 0x31, 0x00, 0x00, 0x80, 0x33, 0x30, 0x8c, 0x31, 0x00, 0x00, 0x00, 0x33, 0x30, 0x86, 
	0x31, 0x00, 0x00, 0x00, 0x33, 0x30, 0x86, 0x31, 0x00, 0x00, 0x00, 0x33, 0x30, 0x86, 0x31, 0x00, 
	0x00, 0x00, 0x33, 0x30, 0x86, 0x31, 0x00, 0x00, 0x00, 0x33, 0x30, 0x87, 0x33, 0x00, 0x00, 0x00, 
	0x3b, 0x30, 0x03, 0x33, 0x00, 0x00, 0x00, 0x1b, 0x30, 0x03, 0x33, 0x00, 0x00, 0x00, 0x1b, 0x30, 
	0x03, 0x3b, 0x00, 0x00, 0x00, 0x1b, 0x30, 0x03, 0x1b, 0x00, 0x00, 0x00, 0x1b, 0xb0, 0x03, 0x1b, 
	0x00, 0x00, 0x00, 0x1b, 0xb0, 0x01, 0x1b, 0x00, 0x00, 0x00, 0x1f, 0xe0, 0x01, 0x1f, 0x00, 0x00, 
	0x00, 0x0e, 0xe0, 0x01, 0x1e, 0x00, 0x00, 0x00, 0x0e, 0xc0, 0x00, 0x0c, 0x00, 0x00
};
// '_a_frm12,40', 50x50px
const unsigned char epd_bitmap__a_frm12_40 [] PROGMEM = {
	0x00, 0xc0, 0x3f, 0x00, 0x00, 0x00, 0x00, 0x00, 0xf0, 0xff, 0x00, 0x00, 0x00, 0x00, 0x00, 0x7c, 
	0xc0, 0x03, 0x00, 0x00, 0x00, 0x00, 0x8e, 0x3f, 0x07, 0x00, 0x00, 0x00, 0x00, 0xe7, 0x7f, 0x0e, 
	0x00, 0x00, 0x00, 0x80, 0xf3, 0xe0, 0x0d, 0x00, 0x00, 0x00, 0xc0, 0x39, 0x80, 0x0d, 0x00, 0x00, 
	0x00, 0xc0, 0x0c, 0x00, 0x0f, 0x00, 0x00, 0x00, 0xc0, 0x0e, 0x7e, 0x0f, 0x00, 0x00, 0x00, 0xc0, 
	0x06, 0xff, 0x00, 0x00, 0x00, 0x00, 0x60, 0xc6, 0xc3, 0x01, 0x00, 0x00, 0x00, 0x60, 0xe6, 0xc0, 
	0x31, 0x00, 0x04, 0x00, 0xe0, 0x66, 0x80, 0x7b, 0x00, 0x0e, 0x00, 0xc0, 0x3c, 0x00, 0xff, 0x00, 
	0x0f, 0x00, 0xc0, 0x3c, 0x00, 0xde, 0x80, 0x0f, 0x00, 0xc0, 0x19, 0x00, 0xce, 0xff, 0x0d, 0x00, 
	0x80, 0x03, 0x00, 0x8c, 0xff, 0x0c, 0x00, 0x00, 0x07, 0x00, 0x0c, 0x00, 0x0c, 0x00, 0x00, 0x07, 
	0x00, 0x0c, 0x00, 0x0c, 0x00, 0x00, 0x03, 0x00, 0x0c, 0x00, 0x0c, 0x00, 0x00, 0x03, 0x00, 0x0c, 
	0x00, 0x0d, 0x00, 0x80, 0x03, 0x00, 0x8c, 0xe1, 0x0d, 0x00, 0x80, 0x01, 0x00, 0x0c, 0xe7, 0x0c, 
	0x00, 0x80, 0x01, 0x00, 0x18, 0x00, 0x0c, 0x00, 0x80, 0x01, 0x00, 0x18, 0x00, 0x06, 0x00, 0x80, 
	0x01, 0x00, 0x38, 0x00, 0x06, 0x00, 0x80, 0x81, 0x07, 0x70, 0x00, 0x03, 0x00, 0x80, 0xc1, 0x0f, 
	0xe0, 0xc1, 0x03, 0x00, 0x80, 0xc1, 0x18, 0xc0, 0xf3, 0x01, 0x00, 0x80, 0xe1, 0x18, 0x00, 0x73, 
	0x00, 0x00, 0x80, 0x61, 0x38, 0x70, 0x30, 0x00, 0x00, 0x80, 0x61, 0x30, 0xf8, 0x30, 0x00, 0x00, 
	0x80, 0x61, 0x30, 0xdc, 0x30, 0x00, 0x00, 0x80, 0x71, 0x30, 0xcc, 0x31, 0x00, 0x00, 0x80, 0x31, 
	0x30, 0x8c, 0x31, 0x00, 0x00, 0x80, 0x33, 0x30, 0x8c, 0x31, 0x00, 0x00, 0x00, 0x33, 0x30, 0x86, 
	0x31, 0x00, 0x00, 0x00, 0x33, 0x30, 0x86, 0x31, 0x00, 0x00, 0x00, 0x33, 0x30, 0x86, 0x31, 0x00, 
	0x00, 0x00, 0x33, 0x30, 0x86, 0x31, 0x00, 0x00, 0x00, 0x33, 0x30, 0x87, 0x33, 0x00, 0x00, 0x00, 
	0x3b, 0x30, 0x03, 0x33, 0x00, 0x00, 0x00, 0x1b, 0x30, 0x03, 0x33, 0x00, 0x00, 0x00, 0x1b, 0x30, 
	0x03, 0x3b, 0x00, 0x00, 0x00, 0x1b, 0x30, 0x03, 0x1b, 0x00, 0x00, 0x00, 0x1b, 0xb0, 0x03, 0x1b, 
	0x00, 0x00, 0x00, 0x1b, 0xb0, 0x01, 0x1b, 0x00, 0x00, 0x00, 0x1f, 0xe0, 0x01, 0x1f, 0x00, 0x00, 
	0x00, 0x0e, 0xe0, 0x01, 0x1e, 0x00, 0x00, 0x00, 0x0e, 0xc0, 0x00, 0x0c, 0x00, 0x00
};
// '_a_frm18,40', 50x50px
const unsigned char epd_bitmap__a_frm18_40 [] PROGMEM = {
	0x00, 0x80, 0x1f, 0x00, 0x00, 0x00, 0x00, 0x00, 0xf0, 0xff, 0x00, 0x00, 0x00, 0x00, 0x00, 0xfc, 
	0xf0, 0x01, 0x00, 0x00, 0x00, 0x00, 0x8e, 0x9f, 0x03, 0x00, 0x00, 0x00, 0x00, 0xe7, 0x7f, 0x07, 
	0x00, 0x00, 0x00, 0x80, 0xf9, 0xf0, 0x0e, 0x00, 0x00, 0x00, 0xc0, 0x3d, 0xc0, 0x0d, 0x00, 0x00, 
	0x00, 0xc0, 0x0c, 0x80, 0x0f, 0x00, 0x00, 0x00, 0xc0, 0x0e, 0x3e, 0x07, 0x00, 0x00, 0x00, 0x60, 
	0x06, 0xff, 0x00, 0x00, 0x00, 0x00, 0x60, 0xc6, 0xc3, 0x21, 0x00, 0x00, 0x00, 0x60, 0xe6, 0x81, 
	0x71, 0x00, 0x0c, 0x00, 0x60, 0x66, 0x80, 0x7b, 0x00, 0x0e, 0x00, 0xe0, 0x3e, 0x00, 0xff, 0x00, 
	0x0f, 0x00, 0xc0, 0x3c, 0x00, 0xde, 0x9d, 0x0f, 0x00, 0xc0, 0x19, 0x00, 0x9c, 0xff, 0x0d, 0x00, 
	0x80, 0x03, 0x00, 0x0c, 0xf7, 0x0c, 0x00, 0x00, 0x07, 0x00, 0x0c, 0x00, 0x0c, 0x00, 0x00, 0x07, 
	0x00, 0x0c, 0x00, 0x0c, 0x00, 0x00, 0x03, 0x00, 0x0c, 0x00, 0x0c, 0x00, 0x00, 0x03, 0x00, 0x8c, 
	0x01, 0x0d, 0x00, 0x00, 0x03, 0x00, 0x8c, 0xe5, 0x0d, 0x00, 0x80, 0x01, 0x00, 0x18, 0xc3, 0x0c, 
	0x00, 0x80, 0x01, 0x00, 0x18, 0x00, 0x0c, 0x00, 0x80, 0x01, 0x00, 0x38, 0x00, 0x0e, 0x00, 0x80, 
	0x01, 0x00, 0x70, 0x00, 0x06, 0x00, 0x80, 0x01, 0x0f, 0xe0, 0x00, 0x07, 0x00, 0x80, 0x81, 0x1f, 
	0xc0, 0xc3, 0x03, 0x00, 0x80, 0xc1, 0x18, 0x80, 0xf7, 0x00, 0x00, 0x80, 0xe1, 0x30, 0x00, 0x72, 
	0x00, 0x00, 0x80, 0x61, 0x30, 0xf0, 0x70, 0x00, 0x00, 0x80, 0x61, 0x30, 0xf8, 0x30, 0x00, 0x00, 
	0x80, 0x61, 0x30, 0xd8, 0x31, 0x00, 0x00, 0x80, 0x61, 0x70, 0x9c, 0x31, 0x00, 0x00, 0x80, 0x31, 
	0x60, 0x8c, 0x31, 0x00, 0x00, 0x80, 0x33, 0x60, 0x8c, 0x31, 0x00, 0x00, 0x00, 0x33, 0x60, 0x8c, 
	0x33, 0x00, 0x00, 0x00, 0x33, 0x60, 0x0c, 0x33, 0x00, 0x00, 0x00, 0x33, 0x60, 0x06, 0x33, 0x00, 
	0x00, 0x00, 0x33, 0x60, 0x06, 0x33, 0x00, 0x00, 0x00, 0x33, 0x60, 0x06, 0x33, 0x00, 0x00, 0x00, 
	0x3b, 0x60, 0x06, 0x33, 0x00, 0x00, 0x00, 0x1b, 0x60, 0x06, 0x33, 0x00, 0x00, 0x00, 0x1b, 0x60, 
	0x03, 0x33, 0x00, 0x00, 0x00, 0x1b, 0x60, 0x03, 0x33, 0x00, 0x00, 0x00, 0x1b, 0x60, 0x03, 0x33, 
	0x00, 0x00, 0x00, 0x1b, 0x60, 0x03, 0x37, 0x00, 0x00, 0x00, 0x1f, 0xe0, 0x03, 0x3e, 0x00, 0x00, 
	0x00, 0x1e, 0xe0, 0x01, 0x1e, 0x00, 0x00, 0x00, 0x0e, 0xc0, 0x00, 0x1c, 0x00, 0x00
};
// '_a_frm15,40', 50x50px
const unsigned char epd_bitmap__a_frm15_40 [] PROGMEM = {
	0x00, 0xc0, 0x3f, 0x00, 0x00, 0x00, 0x00, 0x00, 0xf0, 0xff, 0x00, 0x00, 0x00, 0x00, 0x00, 0x7c, 
	0xc0, 0x03, 0x00, 0x00, 0x00, 0x00, 0x8e, 0x3f, 0x07, 0x00, 0x00, 0x00, 0x00, 0xe7, 0x7f, 0x0e, 
	0x00, 0x00, 0x00, 0x80, 0xf3, 0xe0, 0x0d, 0x00, 0x00, 0x00, 0xc0, 0x39, 0x80, 0x0d, 0x00, 0x00, 
	0x00, 0xc0, 0x0c, 0x00, 0x0f, 0x00, 0x00, 0x00, 0xc0, 0x0e, 0x7e, 0x0f, 0x00, 0x00, 0x00, 0xc0, 
	0x06, 0xff, 0x00, 0x00, 0x00, 0x00, 0x60, 0xc6, 0xc3, 0x01, 0x00, 0x00, 0x00, 0x60, 0xe6, 0xc0, 
	0x31, 0x00, 0x04, 0x00, 0xe0, 0x66, 0x80, 0x7b, 0x00, 0x0e, 0x00, 0xc0, 0x3c, 0x00, 0xff, 0x00, 
	0x0f, 0x00, 0xc0, 0x3c, 0x00, 0xde, 0x80, 0x0f, 0x00, 0xc0, 0x19, 0x00, 0xce, 0xff, 0x0d, 0x00, 
	0x80, 0x03, 0x00, 0x8c, 0xff, 0x0c, 0x00, 0x00, 0x07, 0x00, 0x0c, 0x00, 0x0c, 0x00, 0x00, 0x07, 
	0x00, 0x0c, 0x00, 0x0c, 0x00, 0x00, 0x03, 0x00, 0x0c, 0x00, 0x0c, 0x00, 0x00, 0x03, 0x00, 0x0c, 
	0x00, 0x0d, 0x00, 0x80, 0x03, 0x00, 0x8c, 0xe1, 0x0d, 0x00, 0x80, 0x01, 0x00, 0x0c, 0xe7, 0x0c, 
	0x00, 0x80, 0x01, 0x00, 0x18, 0x00, 0x0c, 0x00, 0x80, 0x01, 0x00, 0x18, 0x00, 0x06, 0x00, 0x80, 
	0x01, 0x00, 0x38, 0x00, 0x06, 0x00, 0x80, 0x81, 0x07, 0x70, 0x00, 0x03, 0x00, 0x80, 0xc1, 0x0f, 
	0xe0, 0xc1, 0x03, 0x00, 0x80, 0xc1, 0x18, 0xc0, 0xf3, 0x01, 0x00, 0x80, 0xe1, 0x18, 0x00, 0x73, 
	0x00, 0x00, 0x80, 0x61, 0x38, 0x70, 0x30, 0x00, 0x00, 0x80, 0x61, 0x30, 0xf8, 0x30, 0x00, 0x00, 
	0x80, 0x61, 0x30, 0xdc, 0x30, 0x00, 0x00, 0x80, 0x71, 0x30, 0xcc, 0x31, 0x00, 0x00, 0x80, 0x31, 
	0x30, 0x8c, 0x31, 0x00, 0x00, 0x80, 0x33, 0x30, 0x8c, 0x31, 0x00, 0x00, 0x00, 0x33, 0x30, 0x86, 
	0x31, 0x00, 0x00, 0x00, 0x33, 0x30, 0x86, 0x31, 0x00, 0x00, 0x00, 0x33, 0x30, 0x86, 0x31, 0x00, 
	0x00, 0x00, 0x33, 0x30, 0x86, 0x31, 0x00, 0x00, 0x00, 0x33, 0x30, 0x87, 0x33, 0x00, 0x00, 0x00, 
	0x3b, 0x30, 0x03, 0x33, 0x00, 0x00, 0x00, 0x1b, 0x30, 0x03, 0x33, 0x00, 0x00, 0x00, 0x1b, 0x30, 
	0x03, 0x3b, 0x00, 0x00, 0x00, 0x1b, 0x30, 0x03, 0x1b, 0x00, 0x00, 0x00, 0x1b, 0xb0, 0x03, 0x1b, 
	0x00, 0x00, 0x00, 0x1b, 0xb0, 0x01, 0x1b, 0x00, 0x00, 0x00, 0x1f, 0xe0, 0x01, 0x1f, 0x00, 0x00, 
	0x00, 0x0e, 0xe0, 0x01, 0x1e, 0x00, 0x00, 0x00, 0x0e, 0xc0, 0x00, 0x0c, 0x00, 0x00
};
// '_a_frm20,50', 50x50px
const unsigned char epd_bitmap__a_frm20_50 [] PROGMEM = {
	0x00, 0x00, 0x00, 0x00, 0x00, 0x00, 0x00, 0x00, 0x00, 0x00, 0x00, 0x00, 0x00, 0x00, 0x00, 0xfc, 
	0x3f, 0x00, 0x00, 0x00, 0x00, 0x00, 0xff, 0xff, 0x00, 0x00, 0x00, 0x00, 0x80, 0x07, 0xe0, 0x01, 
	0x00, 0x00, 0x00, 0xc0, 0xf9, 0xff, 0x01, 0x00, 0x00, 0x00, 0xe0, 0xfc, 0xff, 0x01, 0x00, 0x00, 
	0x00, 0x60, 0x0e, 0x00, 0x00, 0x00, 0x00, 0x00, 0x30, 0x07, 0x00, 0x40, 0x00, 0x00, 0x00, 0x30, 
	0x03, 0x7c, 0xe0, 0x00, 0x38, 0x00, 0xb0, 0x01, 0xff, 0xe1, 0x01, 0x3c, 0x00, 0xb0, 0xc1, 0x87, 
	0xf3, 0x01, 0x3e, 0x00, 0xb0, 0xe1, 0x01, 0x37, 0xff, 0x37, 0x00, 0xb0, 0x73, 0x00, 0x3e, 0xff, 
	0x33, 0x00, 0x30, 0x3f, 0x00, 0x3c, 0x06, 0x31, 0x00, 0x70, 0x0e, 0x00, 0x38, 0x00, 0x30, 0x00, 
	0xe0, 0x00, 0x00, 0x30, 0x00, 0x30, 0x00, 0xc0, 0x03, 0x00, 0x30, 0x00, 0x30, 0x00, 0x80, 0x07, 
	0x00, 0x30, 0x8e, 0x33, 0x00, 0x00, 0x07, 0x00, 0x30, 0x8e, 0x33, 0x00, 0x00, 0x03, 0x00, 0x30, 
	0x00, 0x30, 0x00, 0x00, 0x03, 0x00, 0x70, 0x00, 0x38, 0x00, 0x00, 0x03, 0x00, 0x60, 0x00, 0x18, 
	0x00, 0x00, 0x03, 0x00, 0xe0, 0x00, 0x18, 0x00, 0x80, 0x03, 0x00, 0xc0, 0x01, 0x0c, 0x00, 0x80, 
	0x03, 0x00, 0x80, 0x8f, 0x07, 0x00, 0x80, 0x01, 0x3e, 0x00, 0x8e, 0x03, 0x00, 0x80, 0x83, 0x7f, 
	0x00, 0x80, 0x01, 0x00, 0x80, 0xc3, 0xe1, 0x00, 0x80, 0x01, 0x00, 0x80, 0xc3, 0xc0, 0x01, 0x81, 
	0x01, 0x00, 0x00, 0x63, 0x80, 0xc1, 0x83, 0x01, 0x00, 0x80, 0x63, 0x80, 0xc1, 0x87, 0x01, 0x00, 
	0x00, 0x63, 0x80, 0xe3, 0x86, 0x01, 0x00, 0x00, 0x63, 0x00, 0x63, 0x8e, 0x01, 0x00, 0x00, 0x63, 
	0x00, 0x63, 0x8c, 0x01, 0x00, 0x00, 0x73, 0x00, 0x63, 0x8c, 0x01, 0x00, 0x00, 0x33, 0x00, 0x63, 
	0x8c, 0x01, 0x00, 0x00, 0x33, 0x00, 0x73, 0x8c, 0x01, 0x00, 0x00, 0x33, 0x00, 0x33, 0x8c, 0x01, 
	0x00, 0x00, 0x33, 0x00, 0x33, 0x8c, 0x01, 0x00, 0x00, 0x33, 0x00, 0x33, 0x8c, 0x01, 0x00, 0x00, 
	0x33, 0x00, 0x33, 0x8c, 0x01, 0x00, 0x00, 0x33, 0x00, 0x33, 0x8c, 0x01, 0x00, 0x00, 0x33, 0x00, 
	0x33, 0xcc, 0x01, 0x00, 0x00, 0x33, 0x00, 0x33, 0xdc, 0x01, 0x00, 0x00, 0x33, 0x00, 0x3b, 0xdc, 
	0x00, 0x00, 0x00, 0x3b, 0x00, 0x1b, 0xd8, 0x00, 0x00, 0x00, 0x1b, 0x00, 0x1b, 0xd8, 0x00, 0x00, 
	0x00, 0x1e, 0x00, 0x1f, 0xf8, 0x00, 0x00, 0x00, 0x0c, 0x00, 0x0e, 0x70, 0x00, 0x00
};
// '_a_frm19,40', 50x50px
const unsigned char epd_bitmap__a_frm19_40 [] PROGMEM = {
	0x00, 0x00, 0x00, 0x00, 0x00, 0x00, 0x00, 0x00, 0xf0, 0x3f, 0x00, 0x00, 0x00, 0x00, 0x00, 0xfc, 
	0xff, 0x00, 0x00, 0x00, 0x00, 0x00, 0x1f, 0xe0, 0x01, 0x00, 0x00, 0x00, 0x80, 0xe7, 0x9f, 0x03, 
	0x00, 0x00, 0x00, 0xc0, 0xf9, 0xff, 0x07, 0x00, 0x00, 0x00, 0xc0, 0x3c, 0xe0, 0x07, 0x00, 0x00, 
	0x00, 0xe0, 0x0e, 0x80, 0x03, 0x00, 0x00, 0x00, 0x60, 0x06, 0x38, 0x00, 0x00, 0x00, 0x00, 0x60, 
	0x07, 0xff, 0x00, 0x00, 0x00, 0x00, 0x60, 0x83, 0xc7, 0x61, 0x00, 0x1c, 0x00, 0x60, 0xc3, 0x81, 
	0xf3, 0x00, 0x1e, 0x00, 0x60, 0xe3, 0x00, 0xf7, 0x00, 0x1e, 0x00, 0x60, 0x77, 0x00, 0xbe, 0x19, 
	0x1f, 0x00, 0x60, 0x3e, 0x00, 0x9c, 0xff, 0x19, 0x00, 0xe0, 0x1c, 0x00, 0x1c, 0xff, 0x18, 0x00, 
	0xc0, 0x01, 0x00, 0x18, 0x00, 0x18, 0x00, 0x80, 0x07, 0x00, 0x18, 0x00, 0x18, 0x00, 0x00, 0x07, 
	0x00, 0x18, 0x00, 0x18, 0x00, 0x00, 0x07, 0x00, 0x18, 0x01, 0x1b, 0x00, 0x00, 0x03, 0x00, 0x18, 
	0xcf, 0x1b, 0x00, 0x00, 0x03, 0x00, 0x18, 0x86, 0x19, 0x00, 0x00, 0x03, 0x00, 0x38, 0x00, 0x18, 
	0x00, 0x80, 0x01, 0x00, 0x30, 0x00, 0x0c, 0x00, 0x80, 0x01, 0x00, 0x70, 0x00, 0x0c, 0x00, 0x80, 
	0x01, 0x00, 0xe0, 0x00, 0x06, 0x00, 0x80, 0x01, 0x1f, 0xc0, 0x83, 0x07, 0x00, 0x80, 0x81, 0x3f, 
	0x80, 0xc7, 0x01, 0x00, 0x80, 0xc1, 0x31, 0x00, 0xe6, 0x00, 0x00, 0x80, 0xe1, 0x60, 0x00, 0xe0, 
	0x00, 0x00, 0x80, 0x61, 0x60, 0xe0, 0x61, 0x00, 0x00, 0x80, 0x61, 0xe0, 0xf0, 0x61, 0x00, 0x00, 
	0x80, 0x61, 0xc0, 0x30, 0x63, 0x00, 0x00, 0x80, 0x63, 0xc0, 0x30, 0x63, 0x00, 0x00, 0x00, 0x73, 
	0xc0, 0x18, 0x63, 0x00, 0x00, 0x00, 0x33, 0xc0, 0x18, 0x63, 0x00, 0x00, 0x00, 0x33, 0xc0, 0x18, 
	0x67, 0x00, 0x00, 0x00, 0x33, 0xc0, 0x18, 0x66, 0x00, 0x00, 0x00, 0x33, 0xc0, 0x18, 0x66, 0x00, 
	0x00, 0x00, 0x33, 0xc0, 0x0c, 0x66, 0x00, 0x00, 0x00, 0x33, 0xc0, 0x0c, 0x66, 0x00, 0x00, 0x00, 
	0x33, 0xc0, 0x0c, 0x66, 0x00, 0x00, 0x00, 0x33, 0xc0, 0x0c, 0x66, 0x00, 0x00, 0x00, 0x3b, 0xc0, 
	0x0c, 0x66, 0x00, 0x00, 0x00, 0x1b, 0xc0, 0x0c, 0x66, 0x00, 0x00, 0x00, 0x1b, 0xc0, 0x0e, 0x66, 
	0x00, 0x00, 0x00, 0x1b, 0xc0, 0x06, 0x66, 0x00, 0x00, 0x00, 0x1f, 0xc0, 0x07, 0x7e, 0x00, 0x00, 
	0x00, 0x1e, 0x80, 0x07, 0x3c, 0x00, 0x00, 0x00, 0x0e, 0x00, 0x03, 0x38, 0x00, 0x00
};
// '_a_frm21,40', 50x50px
const unsigned char epd_bitmap__a_frm21_40 [] PROGMEM = {
	0x00, 0x00, 0x00, 0x00, 0x00, 0x00, 0x00, 0x00, 0x00, 0x00, 0x00, 0x00, 0x00, 0x00, 0x00, 0x00, 
	0x00, 0x00, 0x00, 0x00, 0x00, 0x00, 0xff, 0x7f, 0x00, 0x00, 0x00, 0x00, 0x80, 0xff, 0x7f, 0x00, 
	0x00, 0x00, 0x00, 0xe0, 0x01, 0x7e, 0x00, 0x00, 0x00, 0x00, 0x60, 0xfe, 0x3f, 0x00, 0x00, 0x00, 
	0x00, 0x30, 0xff, 0x07, 0xc0, 0x00, 0x20, 0x00, 0xb8, 0x03, 0x00, 0xc0, 0x01, 0x70, 0x00, 0x98, 
	0x01, 0x00, 0xc0, 0x03, 0x78, 0x00, 0xd8, 0x00, 0xfc, 0xe1, 0x67, 0x7c, 0x00, 0xd8, 0x80, 0xff, 
	0x67, 0xfe, 0x6f, 0x00, 0xd8, 0xe0, 0x03, 0x6f, 0xfc, 0x67, 0x00, 0xd8, 0xf0, 0x00, 0x7c, 0x00, 
	0x60, 0x00, 0x98, 0x3d, 0x00, 0x78, 0x00, 0x60, 0x00, 0xb8, 0x1f, 0x00, 0x70, 0x00, 0x60, 0x00, 
	0x30, 0x06, 0x00, 0x60, 0x0c, 0x67, 0x00, 0xf0, 0x00, 0x00, 0x60, 0x1c, 0x67, 0x00, 0xe0, 0x03, 
	0x00, 0x60, 0x08, 0x62, 0x00, 0x80, 0x07, 0x00, 0xe0, 0x00, 0x60, 0x00, 0x00, 0x03, 0x00, 0xc0, 
	0x00, 0x70, 0x00, 0x00, 0x03, 0x00, 0xc0, 0x01, 0x30, 0x00, 0x00, 0x03, 0x00, 0x80, 0x03, 0x38, 
	0x00, 0x00, 0x03, 0x00, 0x00, 0x07, 0x1c, 0x00, 0x00, 0x03, 0x00, 0x00, 0x1e, 0x0e, 0x00, 0x00, 
	0x03, 0x00, 0x00, 0x18, 0x07, 0x00, 0x00, 0x03, 0x7e, 0x00, 0x00, 0x07, 0x00, 0x00, 0x83, 0xff, 
	0x01, 0x00, 0x07, 0x00, 0x00, 0xc3, 0xc3, 0x03, 0x00, 0x07, 0x00, 0x00, 0xc3, 0x00, 0x07, 0x04, 
	0x07, 0x00, 0x00, 0x63, 0x00, 0x06, 0x0f, 0x07, 0x00, 0x00, 0x63, 0x00, 0x86, 0x1f, 0x07, 0x00, 
	0x00, 0x63, 0x00, 0x8e, 0x19, 0x07, 0x00, 0x00, 0x63, 0x00, 0x8c, 0x19, 0x07, 0x00, 0x00, 0x63, 
	0x00, 0x8c, 0x39, 0x07, 0x00, 0x00, 0x63, 0x00, 0x8c, 0x31, 0x07, 0x00, 0x00, 0x73, 0x00, 0xcc, 
	0x31, 0x03, 0x00, 0x00, 0x73, 0x00, 0xcc, 0x30, 0x03, 0x00, 0x00, 0x33, 0x00, 0xcc, 0x30, 0x03, 
	0x00, 0x00, 0x33, 0x00, 0xcc, 0x30, 0x03, 0x00, 0x00, 0x33, 0x00, 0xcc, 0x30, 0x03, 0x00, 0x00, 
	0x33, 0x00, 0xcc, 0x30, 0x03, 0x00, 0x00, 0x33, 0x00, 0xcc, 0x30, 0x03, 0x00, 0x00, 0x33, 0x00, 
	0xcc, 0x30, 0x03, 0x00, 0x00, 0x33, 0x00, 0xcc, 0x30, 0x03, 0x00, 0x00, 0x33, 0x00, 0xcc, 0x30, 
	0x03, 0x00, 0x00, 0x33, 0x00, 0xcc, 0x30, 0x03, 0x00, 0x00, 0x37, 0x00, 0xec, 0x70, 0x03, 0x00, 
	0x00, 0x1e, 0x00, 0x7c, 0xe0, 0x01, 0x00, 0x00, 0x1c, 0x00, 0x38, 0xc0, 0x01, 0x00
};
// '_a_frm22,40', 50x50px
const unsigned char epd_bitmap__a_frm22_40 [] PROGMEM = {
	0x00, 0x00, 0x00, 0x00, 0x00, 0x00, 0x00, 0x00, 0x00, 0x00, 0x00, 0x00, 0x00, 0x00, 0x00, 0x00, 
	0x18, 0x00, 0x00, 0x00, 0x00, 0x00, 0xfc, 0x3f, 0x00, 0x00, 0x00, 0x00, 0x80, 0xff, 0x3f, 0x00, 
	0x00, 0x00, 0x00, 0xe0, 0x1f, 0x1c, 0x00, 0x00, 0x00, 0x00, 0x70, 0xf8, 0x0f, 0x80, 0x01, 0xc0, 
	0x00, 0x38, 0xff, 0x07, 0x80, 0x03, 0xe0, 0x00, 0x98, 0x1f, 0x00, 0xc0, 0x07, 0xf0, 0x00, 0xcc, 
	0x01, 0x00, 0xc0, 0xff, 0xff, 0x00, 0xec, 0x00, 0x00, 0xc0, 0xfc, 0xdf, 0x00, 0x6c, 0x00, 0xfe, 
	0xc7, 0x08, 0xc4, 0x00, 0x6c, 0xc0, 0xff, 0xdf, 0x00, 0xc0, 0x00, 0x6c, 0xf0, 0x03, 0xfc, 0x00, 
	0xc0, 0x00, 0xec, 0x78, 0x00, 0xf0, 0x18, 0xcc, 0x00, 0xcc, 0x1f, 0x00, 0xe0, 0x38, 0xce, 0x00, 
	0x9c, 0x07, 0x00, 0xc0, 0x18, 0xcc, 0x00, 0x38, 0x00, 0x00, 0xc0, 0x00, 0xc0, 0x00, 0xf0, 0x01, 
	0x00, 0xc0, 0x01, 0xc0, 0x00, 0xe0, 0x03, 0x00, 0x80, 0x01, 0xc0, 0x00, 0x00, 0x03, 0x00, 0x80, 
	0x03, 0x60, 0x00, 0x00, 0x03, 0x00, 0x00, 0x07, 0x70, 0x00, 0x00, 0x03, 0x00, 0x00, 0x3e, 0x38, 
	0x00, 0x00, 0x03, 0x00, 0x00, 0x3c, 0x1c, 0x00, 0x00, 0x03, 0x00, 0x00, 0x00, 0x0c, 0x00, 0x00, 
	0x03, 0x00, 0x00, 0x00, 0x0c, 0x00, 0x00, 0x03, 0xfc, 0x01, 0x00, 0x0c, 0x00, 0x00, 0x03, 0xff, 
	0x07, 0x00, 0x0c, 0x00, 0x00, 0xc3, 0x07, 0x0f, 0x00, 0x0c, 0x00, 0x00, 0xc3, 0x01, 0x1c, 0x18, 
	0x0c, 0x00, 0x00, 0x63, 0x00, 0x18, 0x3c, 0x0c, 0x00, 0x00, 0x63, 0x00, 0x38, 0x7e, 0x0c, 0x00, 
	0x00, 0x63, 0x00, 0x30, 0x66, 0x0c, 0x00, 0x00, 0x63, 0x00, 0x30, 0x66, 0x0c, 0x00, 0x00, 0x63, 
	0x00, 0x30, 0x66, 0x0c, 0x00, 0x00, 0x63, 0x00, 0x30, 0x67, 0x0c, 0x00, 0x00, 0x63, 0x00, 0x30, 
	0x67, 0x0c, 0x00, 0x00, 0x63, 0x00, 0x30, 0x63, 0x0c, 0x00, 0x00, 0x63, 0x00, 0x30, 0x63, 0x0c, 
	0x00, 0x00, 0x63, 0x00, 0x30, 0x63, 0x0c, 0x00, 0x00, 0x73, 0x00, 0x30, 0x63, 0x0c, 0x00, 0x00, 
	0x73, 0x00, 0x30, 0x63, 0x0c, 0x00, 0x00, 0x73, 0x00, 0x30, 0x63, 0x0c, 0x00, 0x00, 0x33, 0x00, 
	0x30, 0xe3, 0x0c, 0x00, 0x00, 0x33, 0x00, 0x30, 0x63, 0x0c, 0x00, 0x00, 0x33, 0x00, 0x30, 0xe3, 
	0x0c, 0x00, 0x00, 0x33, 0x00, 0x30, 0xc3, 0x0c, 0x00, 0x00, 0x37, 0x00, 0x30, 0xc3, 0x0e, 0x00, 
	0x00, 0x3e, 0x00, 0xf0, 0xc1, 0x07, 0x00, 0x00, 0x1c, 0x00, 0xe0, 0x80, 0x03, 0x00
};

// '_a_frm27,50', 50x50px
const unsigned char epd_bitmap__a_frm27_50 [] PROGMEM = {
	0x00, 0x00, 0x07, 0x00, 0x00, 0x00, 0x00, 0x00, 0x80, 0x0f, 0x00, 0x00, 0x00, 0x00, 0x00, 0x80, 
	0x0d, 0x00, 0x00, 0x00, 0x00, 0x00, 0xc0, 0x0d, 0x00, 0x03, 0x00, 0x03, 0x00, 0xf0, 0x06, 0x00, 
	0x07, 0x80, 0x03, 0xe0, 0x7f, 0x07, 0x00, 0x0f, 0xc0, 0x03, 0xf8, 0x9f, 0x03, 0x00, 0xdf, 0xef, 
	0x03, 0x3c, 0xf0, 0x01, 0x00, 0xfb, 0x7f, 0x03, 0xce, 0xff, 0x00, 0x00, 0x73, 0x38, 0x03, 0xf6, 
	0x1f, 0x00, 0x00, 0x03, 0x00, 0x03, 0x77, 0x00, 0x00, 0x00, 0x03, 0x00, 0x03, 0x3b, 0x00, 0x00, 
	0x00, 0x73, 0x38, 0x03, 0x1b, 0x00, 0xf8, 0x0f, 0x73, 0x38, 0x03, 0x1b, 0x80, 0xff, 0xff, 0x73, 
	0x38, 0x03, 0x1b, 0xf0, 0x07, 0xf8, 0x03, 0x00, 0x03, 0x33, 0xfc, 0x00, 0x80, 0x03, 0x00, 0x03, 
	0xf6, 0x1f, 0x00, 0x00, 0x07, 0x00, 0x03, 0xc6, 0x03, 0x00, 0x00, 0x06, 0x80, 0x03, 0x1c, 0x00, 
	0x00, 0x00, 0x0e, 0x80, 0x01, 0xf8, 0x01, 0x00, 0x00, 0x3c, 0xc0, 0x01, 0xf0, 0x03, 0x00, 0x00, 
	0xf8, 0xe0, 0x00, 0x00, 0x03, 0x00, 0x00, 0xe0, 0x60, 0x00, 0x00, 0x03, 0x00, 0x00, 0x00, 0x60, 
	0x00, 0x00, 0x03, 0x00, 0x00, 0x00, 0x60, 0x00, 0x00, 0x03, 0x00, 0x00, 0x00, 0x60, 0x00, 0x00, 
	0x03, 0x00, 0x00, 0x00, 0x60, 0x00, 0x00, 0x03, 0xf0, 0x07, 0x00, 0x60, 0x00, 0x00, 0x03, 0xff, 
	0x3f, 0x00, 0x60, 0x00, 0x00, 0x83, 0x0f, 0xfc, 0x00, 0x60, 0x00, 0x00, 0xc3, 0x01, 0xe0, 0xc0, 
	0x61, 0x00, 0x00, 0x63, 0x00, 0x80, 0xe1, 0x61, 0x00, 0x00, 0x63, 0x00, 0x80, 0x31, 0x63, 0x00, 
	0x00, 0x63, 0x00, 0x80, 0x31, 0x63, 0x00, 0x00, 0x63, 0x00, 0x80, 0x31, 0x63, 0x00, 0x00, 0x63, 
	0x00, 0x80, 0x31, 0x63, 0x00, 0x00, 0x63, 0x00, 0x80, 0x31, 0x63, 0x00, 0x00, 0x63, 0x00, 0x80, 
	0x31, 0x63, 0x00, 0x00, 0x63, 0x00, 0x80, 0x31, 0x63, 0x00, 0x00, 0x63, 0x00, 0x80, 0x31, 0x63, 
	0x00, 0x00, 0x63, 0x00, 0x80, 0x31, 0x63, 0x00, 0x00, 0x63, 0x00, 0x80, 0x31, 0x63, 0x00, 0x00, 
	0x63, 0x00, 0x80, 0x31, 0x63, 0x00, 0x00, 0x63, 0x00, 0x80, 0x31, 0x63, 0x00, 0x00, 0x63, 0x00, 
	0x80, 0x31, 0x63, 0x00, 0x00, 0x63, 0x00, 0x80, 0x31, 0x63, 0x00, 0x00, 0x63, 0x00, 0x80, 0x31, 
	0x63, 0x00, 0x00, 0x63, 0x00, 0x80, 0x31, 0x63, 0x00, 0x00, 0x63, 0x00, 0x80, 0x31, 0x77, 0x00, 
	0x00, 0x3f, 0x00, 0x80, 0x3f, 0x3e, 0x00, 0x00, 0x1e, 0x00, 0x00, 0x1f, 0x1c, 0x00
};

// Array of all bitmaps for convenience. (Total bytes used to store images in PROGMEM = 10304)
const int epd_bitmap_allArray_LEN = 28;
const unsigned char* epd_bitmap_allArray[28] = {
	epd_bitmap__a_frm0_40,
  epd_bitmap__a_frm1_40,
  epd_bitmap__a_frm2_50,
	epd_bitmap__a_frm3_40,
	epd_bitmap__a_frm4_40,
	epd_bitmap__a_frm5_40,
	epd_bitmap__a_frm6_40,
	epd_bitmap__a_frm7_40,
	epd_bitmap__a_frm8_50,
	epd_bitmap__a_frm9_40,
	epd_bitmap__a_frm10_40,
	epd_bitmap__a_frm11_40,
	epd_bitmap__a_frm12_40,
	epd_bitmap__a_frm13_40,
	epd_bitmap__a_frm14_50,
	epd_bitmap__a_frm15_40,
	epd_bitmap__a_frm16_40,
	epd_bitmap__a_frm17_40,
	epd_bitmap__a_frm18_40,
	epd_bitmap__a_frm19_40,
	epd_bitmap__a_frm20_50,
	epd_bitmap__a_frm21_40,
	epd_bitmap__a_frm22_40,
	epd_bitmap__a_frm23_40,
	epd_bitmap__a_frm24_40,
	epd_bitmap__a_frm25_40,
	epd_bitmap__a_frm26_50,
  epd_bitmap__a_frm27_50,
};



// '_a_frm0,40', 50x50px
const unsigned char epd_bitmap__a_frm0_40_ [] PROGMEM = {
	0x00, 0x00, 0x00, 0x00, 0x00, 0x00, 0x00, 0x00, 0x00, 0x00, 0x00, 0x00, 0x00, 0x00, 0x00, 0x00, 
	0x00, 0x00, 0x00, 0x00, 0x00, 0x00, 0x00, 0x00, 0x00, 0x00, 0x00, 0x00, 0x00, 0x00, 0x00, 0x00, 
	0x00, 0x00, 0x00, 0x00, 0x00, 0x00, 0x00, 0x00, 0x00, 0x00, 0x80, 0x00, 0x00, 0x00, 0x00, 0x00, 
	0x00, 0xc0, 0x01, 0x00, 0x00, 0x00, 0x06, 0x00, 0x80, 0x03, 0x00, 0x00, 0x00, 0x07, 0x00, 0x00, 
	0x07, 0x00, 0x00, 0x80, 0x03, 0x00, 0x00, 0x0e, 0x00, 0x00, 0xc0, 0x01, 0x00, 0x00, 0x1c, 0x00, 
	0x00, 0xe0, 0x00, 0x00, 0x00, 0x38, 0x00, 0x00, 0x70, 0x00, 0x00, 0x00, 0x70, 0x00, 0x00, 0x38, 
	0x00, 0x00, 0x00, 0xe0, 0x00, 0x00, 0x1c, 0x00, 0x00, 0x00, 0xc0, 0x01, 0x00, 0x0e, 0x00, 0x00, 
	0x00, 0x80, 0x03, 0x00, 0x07, 0x00, 0x00, 0x00, 0x00, 0x07, 0x80, 0x03, 0x00, 0x00, 0x00, 0x00, 
	0x0e, 0xc0, 0x01, 0x00, 0x00, 0x00, 0x00, 0x1c, 0xe0, 0x00, 0x00, 0x00, 0x00, 0x00, 0x38, 0x70, 
	0x00, 0x00, 0x00, 0x00, 0x00, 0x70, 0x38, 0x00, 0x00, 0x00, 0x00, 0x00, 0xe0, 0x1c, 0x00, 0x00, 
	0x00, 0x00, 0x00, 0xc0, 0x0f, 0x00, 0x00, 0x00, 0x00, 0x00, 0x80, 0x07, 0x00, 0x00, 0x00, 0x00, 
	0x00, 0x80, 0x07, 0x00, 0x00, 0x00, 0x00, 0x00, 0xc0, 0x0f, 0x00, 0x00, 0x00, 0x00, 0x00, 0xe0, 
	0x1c, 0x00, 0x00, 0x00, 0x00, 0x00, 0x70, 0x38, 0x00, 0x00, 0x00, 0x00, 0x00, 0x38, 0x70, 0x00, 
	0x00, 0x00, 0x00, 0x00, 0x1c, 0xe0, 0x00, 0x00, 0x00, 0x00, 0x00, 0x0e, 0xc0, 0x01, 0x00, 0x00, 
	0x00, 0x00, 0x07, 0x80, 0x03, 0x00, 0x00, 0x00, 0x80, 0x03, 0x00, 0x07, 0x00, 0x00, 0x00, 0xc0, 
	0x01, 0x00, 0x0e, 0x00, 0x00, 0x00, 0xe0, 0x00, 0x00, 0x1c, 0x00, 0x00, 0x00, 0x70, 0x00, 0x00, 
	0x38, 0x00, 0x00, 0x00, 0x38, 0x00, 0x00, 0x70, 0x00, 0x00, 0x00, 0x1c, 0x00, 0x00, 0xe0, 0x00, 
	0x00, 0x00, 0x0e, 0x00, 0x00, 0xc0, 0x01, 0x00, 0x00, 0x07, 0x00, 0x00, 0x80, 0x03, 0x00, 0x80, 
	0x03, 0x00, 0x00, 0x00, 0x07, 0x00, 0x80, 0x01, 0x00, 0x00, 0x00, 0x06, 0x00, 0x00, 0x00, 0x00, 
	0x00, 0x00, 0x00, 0x00, 0x00, 0x00, 0x00, 0x00, 0x00, 0x00, 0x00, 0x00, 0x00, 0x00, 0x00, 0x00, 
	0x00, 0x00, 0x00, 0x00, 0x00, 0x00, 0x00, 0x00, 0x00, 0x00, 0x00, 0x00, 0x00, 0x00, 0x00, 0x00, 
	0x00, 0x00, 0x00, 0x00, 0x00, 0x00, 0x00, 0x00, 0x00, 0x00, 0x00, 0x00, 0x00, 0x00
};
// '_a_frm1,40', 50x50px
const unsigned char epd_bitmap__a_frm1_40_ [] PROGMEM = {
	0x00, 0x00, 0x00, 0x00, 0x00, 0x00, 0x00, 0x00, 0x00, 0x00, 0x00, 0x00, 0x00, 0x00, 0x00, 0x00, 
	0x00, 0x00, 0x00, 0x00, 0x00, 0x00, 0x00, 0x00, 0x00, 0x00, 0x00, 0x00, 0x00, 0x00, 0x00, 0x00, 
	0x00, 0x00, 0x00, 0x00, 0x00, 0x00, 0x00, 0x00, 0x00, 0x00, 0x80, 0x00, 0x00, 0x00, 0x00, 0x00, 
	0x00, 0xc0, 0x01, 0x00, 0x00, 0x00, 0x06, 0x00, 0x80, 0x03, 0x00, 0x00, 0x00, 0x07, 0x00, 0x00, 
	0x07, 0x00, 0x00, 0x80, 0x03, 0x00, 0x00, 0x0e, 0x00, 0x00, 0xc0, 0x01, 0x00, 0x00, 0x1c, 0x00, 
	0x00, 0xe0, 0x00, 0x00, 0x00, 0x38, 0x00, 0x00, 0x70, 0x00, 0x00, 0x00, 0x70, 0x00, 0x00, 0x38, 
	0x00, 0x00, 0x00, 0xe0, 0x00, 0x00, 0x1c, 0x00, 0x00, 0x00, 0xc0, 0x01, 0x00, 0x0e, 0x00, 0x00, 
	0x00, 0x80, 0x03, 0x00, 0x07, 0x00, 0x00, 0x00, 0x00, 0x07, 0x80, 0x03, 0x00, 0x00, 0x00, 0x00, 
	0x0e, 0xc0, 0x01, 0x00, 0x00, 0x00, 0x00, 0x1c, 0xe0, 0x00, 0x00, 0x00, 0x00, 0x00, 0x38, 0x70, 
	0x00, 0x00, 0x00, 0x00, 0x00, 0x70, 0x38, 0x00, 0x00, 0x00, 0x00, 0x00, 0xe0, 0x1c, 0x00, 0x00, 
	0x00, 0x00, 0x00, 0xc0, 0x0f, 0x00, 0x00, 0x00, 0x00, 0x00, 0x80, 0x07, 0x00, 0x00, 0x00, 0x00, 
	0x00, 0x80, 0x07, 0x00, 0x00, 0x00, 0x00, 0x00, 0xc0, 0x0f, 0x00, 0x00, 0x00, 0x00, 0x00, 0xe0, 
	0x1c, 0x00, 0x00, 0x00, 0x00, 0x00, 0x70, 0x38, 0x00, 0x00, 0x00, 0x00, 0x00, 0x38, 0x70, 0x00, 
	0x00, 0x00, 0x00, 0x00, 0x1c, 0xe0, 0x00, 0x00, 0x00, 0x00, 0x00, 0x0e, 0xc0, 0x01, 0x00, 0x00, 
	0x00, 0x00, 0x07, 0x80, 0x03, 0x00, 0x00, 0x00, 0x80, 0x03, 0x00, 0x07, 0x00, 0x00, 0x00, 0xc0, 
	0x01, 0x00, 0x0e, 0x00, 0x00, 0x00, 0xe0, 0x00, 0x00, 0x1c, 0x00, 0x00, 0x00, 0x70, 0x00, 0x00, 
	0x38, 0x00, 0x00, 0x00, 0x38, 0x00, 0x00, 0x70, 0x00, 0x00, 0x00, 0x1c, 0x00, 0x00, 0xe0, 0x00, 
	0x00, 0x00, 0x0e, 0x00, 0x00, 0xc0, 0x01, 0x00, 0x00, 0x07, 0x00, 0x00, 0x80, 0x03, 0x00, 0x80, 
	0x03, 0x00, 0x00, 0x00, 0x07, 0x00, 0x80, 0x01, 0x00, 0x00, 0x00, 0x06, 0x00, 0x00, 0x00, 0x00, 
	0x00, 0x00, 0x00, 0x00, 0x00, 0x00, 0x00, 0x00, 0x00, 0x00, 0x00, 0x00, 0x00, 0x00, 0x00, 0x00, 
	0x00, 0x00, 0x00, 0x00, 0x00, 0x00, 0x00, 0x00, 0x00, 0x00, 0x00, 0x00, 0x00, 0x00, 0x00, 0x00, 
	0x00, 0x00, 0x00, 0x00, 0x00, 0x00, 0x00, 0x00, 0x00, 0x00, 0x00, 0x00, 0x00, 0x00
};
// '_a_frm2,50', 50x50px
const unsigned char epd_bitmap__a_frm2_50_ [] PROGMEM = {
	0x00, 0x00, 0x00, 0x00, 0x00, 0x00, 0x00, 0x00, 0x00, 0x00, 0x00, 0x00, 0x00, 0x00, 0x00, 0x00, 
	0x00, 0x00, 0x00, 0x00, 0x00, 0x00, 0x00, 0x00, 0x00, 0x00, 0x00, 0x00, 0x00, 0x00, 0x00, 0x00, 
	0x00, 0x00, 0x00, 0x00, 0x00, 0x00, 0x00, 0x00, 0x00, 0x00, 0x80, 0x00, 0x00, 0x00, 0x00, 0x00, 
	0x00, 0xc0, 0x01, 0x00, 0x00, 0x00, 0x06, 0x00, 0x80, 0x03, 0x00, 0x00, 0x00, 0x07, 0x00, 0x00, 
	0x07, 0x00, 0x00, 0x80, 0x03, 0x00, 0x00, 0x0e, 0x00, 0x00, 0xc0, 0x01, 0x00, 0x00, 0x1c, 0x00, 
	0x00, 0xe0, 0x00, 0x00, 0x00, 0x38, 0x00, 0x00, 0x70, 0x00, 0x00, 0x00, 0x70, 0x00, 0x00, 0x38, 
	0x00, 0x00, 0x00, 0xe0, 0x00, 0x00, 0x1c, 0x00, 0x00, 0x00, 0xc0, 0x01, 0x00, 0x0e, 0x00, 0x00, 
	0x00, 0x80, 0x03, 0x00, 0x07, 0x00, 0x00, 0x00, 0x00, 0x07, 0x80, 0x03, 0x00, 0x00, 0x00, 0x00, 
	0x0e, 0xc0, 0x01, 0x00, 0x00, 0x00, 0x00, 0x1c, 0xe0, 0x00, 0x00, 0x00, 0x00, 0x00, 0x38, 0x70, 
	0x00, 0x00, 0x00, 0x00, 0x00, 0x70, 0x38, 0x00, 0x00, 0x00, 0x00, 0x00, 0xe0, 0x1c, 0x00, 0x00, 
	0x00, 0x00, 0x00, 0xc0, 0x0f, 0x00, 0x00, 0x00, 0x00, 0x00, 0x80, 0x07, 0x00, 0x00, 0x00, 0x00, 
	0x00, 0x80, 0x07, 0x00, 0x00, 0x00, 0x00, 0x00, 0xc0, 0x0f, 0x00, 0x00, 0x00, 0x00, 0x00, 0xe0, 
	0x1c, 0x00, 0x00, 0x00, 0x00, 0x00, 0x70, 0x38, 0x00, 0x00, 0x00, 0x00, 0x00, 0x38, 0x70, 0x00, 
	0x00, 0x00, 0x00, 0x00, 0x1c, 0xe0, 0x00, 0x00, 0x00, 0x00, 0x00, 0x0e, 0xc0, 0x01, 0x00, 0x00, 
	0x00, 0x00, 0x07, 0x80, 0x03, 0x00, 0x00, 0x00, 0x80, 0x03, 0x00, 0x07, 0x00, 0x00, 0x00, 0xc0, 
	0x01, 0x00, 0x0e, 0x00, 0x00, 0x00, 0xe0, 0x00, 0x00, 0x1c, 0x00, 0x00, 0x00, 0x70, 0x00, 0x00, 
	0x38, 0x00, 0x00, 0x00, 0x38, 0x00, 0x00, 0x70, 0x00, 0x00, 0x00, 0x1c, 0x00, 0x00, 0xe0, 0x00, 
	0x00, 0x00, 0x0e, 0x00, 0x00, 0xc0, 0x01, 0x00, 0x00, 0x07, 0x00, 0x00, 0x80, 0x03, 0x00, 0x80, 
	0x03, 0x00, 0x00, 0x00, 0x07, 0x00, 0x80, 0x01, 0x00, 0x00, 0x00, 0x06, 0x00, 0x00, 0x00, 0x00, 
	0x00, 0x00, 0x00, 0x00, 0x00, 0x00, 0x00, 0x00, 0x00, 0x00, 0x00, 0x00, 0x00, 0x00, 0x00, 0x00, 
	0x00, 0x00, 0x00, 0x00, 0x00, 0x00, 0x00, 0x00, 0x00, 0x00, 0x00, 0x00, 0x00, 0x00, 0x00, 0x00, 
	0x00, 0x00, 0x00, 0x00, 0x00, 0x00, 0x00, 0x00, 0x00, 0x00, 0x00, 0x00, 0x00, 0x00
};
// '_a_frm3,40', 50x50px
const unsigned char epd_bitmap__a_frm3_40_ [] PROGMEM = {
	0x00, 0x00, 0x00, 0x00, 0x00, 0x00, 0x00, 0x00, 0x00, 0x00, 0x00, 0x00, 0x00, 0x00, 0x00, 0x00, 
	0x00, 0x00, 0x00, 0x00, 0x00, 0x00, 0x00, 0x00, 0x00, 0x00, 0x00, 0x00, 0x00, 0x00, 0x00, 0x00, 
	0x00, 0x00, 0x00, 0x00, 0x00, 0x00, 0x00, 0x00, 0x00, 0x00, 0x80, 0x00, 0x00, 0x00, 0x00, 0x00, 
	0x00, 0xc0, 0x01, 0x00, 0x00, 0x00, 0x06, 0x00, 0x80, 0x03, 0x00, 0x00, 0x00, 0x07, 0x00, 0x00, 
	0x07, 0x00, 0x00, 0x80, 0x03, 0x00, 0x00, 0x0e, 0x00, 0x00, 0xc0, 0x01, 0x00, 0x00, 0x1c, 0x00, 
	0x00, 0xe0, 0x00, 0x00, 0x00, 0x38, 0x00, 0x00, 0x70, 0x00, 0x00, 0x00, 0x70, 0x00, 0x00, 0x38, 
	0x00, 0x00, 0x00, 0xe0, 0x00, 0x00, 0x1c, 0x00, 0x00, 0x00, 0xc0, 0x01, 0x00, 0x0e, 0x00, 0x00, 
	0x00, 0x80, 0x03, 0x00, 0x07, 0x00, 0x00, 0x00, 0x00, 0x07, 0x80, 0x03, 0x00, 0x00, 0x00, 0x00, 
	0x0e, 0xc0, 0x01, 0x00, 0x00, 0x00, 0x00, 0x1c, 0xe0, 0x00, 0x00, 0x00, 0x00, 0x00, 0x38, 0x70, 
	0x00, 0x00, 0x00, 0x00, 0x00, 0x70, 0x38, 0x00, 0x00, 0x00, 0x00, 0x00, 0xe0, 0x1c, 0x00, 0x00, 
	0x00, 0x00, 0x00, 0xc0, 0x0f, 0x00, 0x00, 0x00, 0x00, 0x00, 0x80, 0x07, 0x00, 0x00, 0x00, 0x00, 
	0x00, 0x80, 0x07, 0x00, 0x00, 0x00, 0x00, 0x00, 0xc0, 0x0f, 0x00, 0x00, 0x00, 0x00, 0x00, 0xe0, 
	0x1c, 0x00, 0x00, 0x00, 0x00, 0x00, 0x70, 0x38, 0x00, 0x00, 0x00, 0x00, 0x00, 0x38, 0x70, 0x00, 
	0x00, 0x00, 0x00, 0x00, 0x1c, 0xe0, 0x00, 0x00, 0x00, 0x00, 0x00, 0x0e, 0xc0, 0x01, 0x00, 0x00, 
	0x00, 0x00, 0x07, 0x80, 0x03, 0x00, 0x00, 0x00, 0x80, 0x03, 0x00, 0x07, 0x00, 0x00, 0x00, 0xc0, 
	0x01, 0x00, 0x0e, 0x00, 0x00, 0x00, 0xe0, 0x00, 0x00, 0x1c, 0x00, 0x00, 0x00, 0x70, 0x00, 0x00, 
	0x38, 0x00, 0x00, 0x00, 0x38, 0x00, 0x00, 0x70, 0x00, 0x00, 0x00, 0x1c, 0x00, 0x00, 0xe0, 0x00, 
	0x00, 0x00, 0x0e, 0x00, 0x00, 0xc0, 0x01, 0x00, 0x00, 0x07, 0x00, 0x00, 0x80, 0x03, 0x00, 0x80, 
	0x03, 0x00, 0x00, 0x00, 0x07, 0x00, 0x80, 0x01, 0x00, 0x00, 0x00, 0x06, 0x00, 0x00, 0x00, 0x00, 
	0x00, 0x00, 0x00, 0x00, 0x00, 0x00, 0x00, 0x00, 0x00, 0x00, 0x00, 0x00, 0x00, 0x00, 0x00, 0x00, 
	0x00, 0x00, 0x00, 0x00, 0x00, 0x00, 0x00, 0x00, 0x00, 0x00, 0x00, 0x00, 0x00, 0x00, 0x00, 0x00, 
	0x00, 0x00, 0x00, 0x00, 0x00, 0x00, 0x00, 0x00, 0x00, 0x00, 0x00, 0x00, 0x00, 0x00
};
// '_a_frm4,40', 50x50px
const unsigned char epd_bitmap__a_frm4_40_ [] PROGMEM = {
	0x00, 0x00, 0x00, 0x00, 0x00, 0x00, 0x00, 0x00, 0x00, 0x00, 0x00, 0x00, 0x00, 0x00, 0x00, 0x00, 
	0x00, 0x00, 0x00, 0x00, 0x00, 0x00, 0x00, 0x00, 0x00, 0x00, 0x00, 0x00, 0x00, 0x00, 0x00, 0x00, 
	0x00, 0x00, 0x00, 0x00, 0x00, 0x00, 0x00, 0x00, 0x00, 0x00, 0x00, 0x00, 0x00, 0x00, 0x00, 0x00, 
	0x00, 0x00, 0x00, 0x00, 0x00, 0x00, 0x06, 0x00, 0x00, 0x00, 0x00, 0x00, 0x00, 0x07, 0x00, 0x00, 
	0x00, 0x00, 0x00, 0x80, 0x03, 0x00, 0x00, 0x08, 0x00, 0x00, 0xc0, 0x01, 0x00, 0x00, 0x1c, 0x00, 
	0x00, 0xe0, 0x00, 0x00, 0x00, 0x38, 0x00, 0x00, 0x70, 0x00, 0x00, 0x00, 0x70, 0x00, 0x00, 0x38, 
	0x00, 0x00, 0x00, 0xe0, 0x00, 0x00, 0x1c, 0x00, 0x00, 0x00, 0xc0, 0x01, 0x00, 0x0e, 0x00, 0x00, 
	0x00, 0x80, 0x03, 0x00, 0x07, 0x00, 0x00, 0x00, 0x00, 0x07, 0x80, 0x03, 0x00, 0x00, 0x00, 0x00, 
	0x0e, 0xc0, 0x01, 0x00, 0x00, 0x00, 0x00, 0x1c, 0xe0, 0x00, 0x00, 0x00, 0x00, 0x00, 0x38, 0x70, 
	0x00, 0x00, 0x00, 0x00, 0x00, 0x70, 0x38, 0x00, 0x00, 0x00, 0x00, 0x00, 0xe0, 0x1c, 0x00, 0x00, 
	0x00, 0x00, 0x00, 0xc0, 0x0f, 0x00, 0x00, 0x00, 0x00, 0x00, 0x80, 0x07, 0x00, 0x00, 0x00, 0x00, 
	0x00, 0x80, 0x07, 0x00, 0x00, 0x00, 0x00, 0x00, 0xc0, 0x0f, 0x00, 0x00, 0x00, 0x00, 0x00, 0xe0, 
	0x1c, 0x00, 0x00, 0x00, 0x00, 0x00, 0x70, 0x38, 0x00, 0x00, 0x00, 0x00, 0x00, 0x38, 0x70, 0x00, 
	0x00, 0x00, 0x00, 0x00, 0x1c, 0xe0, 0x00, 0x00, 0x00, 0x00, 0x00, 0x0e, 0xc0, 0x01, 0x00, 0x00, 
	0x00, 0x00, 0x07, 0x80, 0x03, 0x00, 0x00, 0x00, 0x80, 0x03, 0x00, 0x07, 0x00, 0x00, 0x00, 0xc0, 
	0x01, 0x00, 0x0e, 0x00, 0x00, 0x00, 0xe0, 0x00, 0x00, 0x1c, 0x00, 0x00, 0x00, 0x70, 0x00, 0x00, 
	0x38, 0x00, 0x00, 0x00, 0x38, 0x00, 0x00, 0x70, 0x00, 0x00, 0x00, 0x1c, 0x00, 0x00, 0xe0, 0x00, 
	0x00, 0x00, 0x0e, 0x00, 0x00, 0xc0, 0x01, 0x00, 0x00, 0x07, 0x00, 0x00, 0x80, 0x03, 0x00, 0x80, 
	0x03, 0x00, 0x00, 0x00, 0x07, 0x00, 0x80, 0x01, 0x00, 0x00, 0x00, 0x06, 0x00, 0x00, 0x00, 0x00, 
	0x00, 0x00, 0x00, 0x00, 0x00, 0x00, 0x00, 0x00, 0x00, 0x00, 0x00, 0x00, 0x00, 0x00, 0x00, 0x00, 
	0x00, 0x00, 0x00, 0x00, 0x00, 0x00, 0x00, 0x00, 0x00, 0x00, 0x00, 0x00, 0x00, 0x00, 0x00, 0x00, 
	0x00, 0x00, 0x00, 0x00, 0x00, 0x00, 0x00, 0x00, 0x00, 0x00, 0x00, 0x00, 0x00, 0x00
};
// '_a_frm6,40', 50x50px
const unsigned char epd_bitmap__a_frm6_40_ [] PROGMEM = {
	0x00, 0x00, 0x00, 0x00, 0x00, 0x00, 0x00, 0x00, 0x00, 0x00, 0x00, 0x00, 0x00, 0x00, 0x00, 0x00, 
	0x00, 0x00, 0x00, 0x00, 0x00, 0x00, 0x00, 0x00, 0x00, 0x00, 0x00, 0x00, 0x00, 0x00, 0x00, 0x00, 
	0x00, 0x00, 0x00, 0x00, 0x00, 0x00, 0x00, 0x00, 0x00, 0x00, 0x00, 0x00, 0x00, 0x00, 0x00, 0x00, 
	0x00, 0x00, 0x00, 0x00, 0x00, 0x00, 0x06, 0x00, 0x00, 0x00, 0x00, 0x00, 0x00, 0x07, 0x00, 0x00, 
	0x00, 0x00, 0x00, 0x80, 0x03, 0x00, 0x00, 0x00, 0x00, 0x00, 0xc0, 0x01, 0x00, 0x00, 0x00, 0x00, 
	0x00, 0xe0, 0x00, 0x00, 0x00, 0x00, 0x00, 0x00, 0x70, 0x00, 0x00, 0x00, 0x00, 0x00, 0x00, 0x38, 
	0x00, 0x00, 0x00, 0x00, 0x00, 0x00, 0x1c, 0x00, 0x00, 0x00, 0x00, 0x00, 0x00, 0x0e, 0x00, 0x00, 
	0x00, 0x00, 0x00, 0x00, 0x07, 0x00, 0x00, 0x00, 0x00, 0x00, 0x80, 0x03, 0x00, 0x00, 0x00, 0x00, 
	0x00, 0xc0, 0x01, 0x00, 0x00, 0x00, 0x00, 0x00, 0xe0, 0x00, 0x00, 0x00, 0x00, 0x00, 0x00, 0x70, 
	0x00, 0x00, 0x00, 0x00, 0x00, 0x00, 0x38, 0x00, 0x00, 0x00, 0x00, 0x00, 0x00, 0x1c, 0x00, 0x00, 
	0x00, 0x00, 0x00, 0x00, 0x0e, 0x00, 0x00, 0x00, 0x00, 0x00, 0x00, 0x07, 0x00, 0x00, 0x00, 0x00, 
	0x00, 0x80, 0x03, 0x00, 0x00, 0x00, 0x00, 0x00, 0xc0, 0x01, 0x00, 0x00, 0x00, 0x00, 0x00, 0xe0, 
	0x00, 0x00, 0x00, 0x00, 0x00, 0x00, 0x70, 0x00, 0x00, 0x00, 0x00, 0x00, 0x00, 0x38, 0x00, 0x00, 
	0x00, 0x00, 0x00, 0x00, 0x1c, 0xc0, 0x00, 0x00, 0x00, 0x00, 0x00, 0x0e, 0xc0, 0x01, 0x00, 0x00, 
	0x00, 0x00, 0x07, 0x80, 0x03, 0x00, 0x00, 0x00, 0x80, 0x03, 0x00, 0x07, 0x00, 0x00, 0x00, 0xc0, 
	0x01, 0x00, 0x0e, 0x00, 0x00, 0x00, 0xe0, 0x00, 0x00, 0x1c, 0x00, 0x00, 0x00, 0x70, 0x00, 0x00, 
	0x38, 0x00, 0x00, 0x00, 0x38, 0x00, 0x00, 0x70, 0x00, 0x00, 0x00, 0x1c, 0x00, 0x00, 0xe0, 0x00, 
	0x00, 0x00, 0x0e, 0x00, 0x00, 0xc0, 0x01, 0x00, 0x00, 0x07, 0x00, 0x00, 0x80, 0x03, 0x00, 0x80, 
	0x03, 0x00, 0x00, 0x00, 0x07, 0x00, 0x80, 0x01, 0x00, 0x00, 0x00, 0x06, 0x00, 0x00, 0x00, 0x00, 
	0x00, 0x00, 0x00, 0x00, 0x00, 0x00, 0x00, 0x00, 0x00, 0x00, 0x00, 0x00, 0x00, 0x00, 0x00, 0x00, 
	0x00, 0x00, 0x00, 0x00, 0x00, 0x00, 0x00, 0x00, 0x00, 0x00, 0x00, 0x00, 0x00, 0x00, 0x00, 0x00, 
	0x00, 0x00, 0x00, 0x00, 0x00, 0x00, 0x00, 0x00, 0x00, 0x00, 0x00, 0x00, 0x00, 0x00
};
// '_a_frm7,40', 50x50px
const unsigned char epd_bitmap__a_frm7_40_ [] PROGMEM = {
	0x00, 0x00, 0x00, 0x00, 0x00, 0x00, 0x00, 0x00, 0x00, 0x00, 0x00, 0x00, 0x00, 0x00, 0x00, 0x00, 
	0x00, 0x00, 0x00, 0x00, 0x00, 0x00, 0x00, 0x00, 0x00, 0x00, 0x00, 0x00, 0x00, 0x00, 0x00, 0x00, 
	0x00, 0x00, 0x00, 0x00, 0x00, 0x00, 0x00, 0x00, 0x00, 0x00, 0x00, 0x00, 0x00, 0x00, 0x00, 0x00, 
	0x00, 0x00, 0x00, 0x00, 0x00, 0x00, 0x00, 0x00, 0x00, 0x00, 0x00, 0x00, 0x00, 0x00, 0x00, 0x00, 
	0x00, 0x00, 0x00, 0x00, 0x00, 0x00, 0x00, 0x00, 0x00, 0x00, 0x40, 0x00, 0x00, 0x00, 0x00, 0x00, 
	0x00, 0xe0, 0x00, 0x00, 0x00, 0x00, 0x00, 0x00, 0x70, 0x00, 0x00, 0x00, 0x00, 0x00, 0x00, 0x38, 
	0x00, 0x00, 0x00, 0x00, 0x00, 0x00, 0x1c, 0x00, 0x00, 0x00, 0x00, 0x00, 0x00, 0x0e, 0x00, 0x00, 
	0x00, 0x00, 0x00, 0x00, 0x07, 0x00, 0x00, 0x00, 0x00, 0x00, 0x80, 0x03, 0x00, 0x00, 0x00, 0x00, 
	0x00, 0xc0, 0x01, 0x00, 0x00, 0x00, 0x00, 0x00, 0xe0, 0x00, 0x00, 0x00, 0x00, 0x00, 0x00, 0x70, 
	0x00, 0x00, 0x00, 0x00, 0x00, 0x00, 0x38, 0x00, 0x00, 0x00, 0x00, 0x00, 0x00, 0x1c, 0x00, 0x00, 
	0x00, 0x00, 0x00, 0x00, 0x0e, 0x00, 0x00, 0x00, 0x00, 0x00, 0x00, 0x07, 0x00, 0x00, 0x00, 0x00, 
	0x00, 0x80, 0x03, 0x00, 0x00, 0x00, 0x00, 0x00, 0xc0, 0x01, 0x00, 0x00, 0x00, 0x00, 0x00, 0xe0, 
	0x00, 0x00, 0x00, 0x00, 0x00, 0x00, 0x70, 0x00, 0x00, 0x00, 0x00, 0x00, 0x00, 0x38, 0x00, 0x00, 
	0x00, 0x00, 0x00, 0x00, 0x1c, 0x00, 0x00, 0x00, 0x00, 0x00, 0x00, 0x0e, 0x00, 0x00, 0x00, 0x00, 
	0x00, 0x00, 0x07, 0x00, 0x00, 0x00, 0x00, 0x00, 0x80, 0x03, 0x00, 0x00, 0x00, 0x00, 0x00, 0xc0, 
	0x01, 0x00, 0x00, 0x00, 0x00, 0x00, 0xe0, 0x00, 0x00, 0x00, 0x00, 0x00, 0x00, 0x70, 0x00, 0x00, 
	0x00, 0x00, 0x00, 0x00, 0x38, 0x00, 0x00, 0x00, 0x00, 0x00, 0x00, 0x1c, 0x00, 0x00, 0x00, 0x00, 
	0x00, 0x00, 0x0e, 0x00, 0x00, 0x80, 0x01, 0x00, 0x00, 0x07, 0x00, 0x00, 0x80, 0x03, 0x00, 0x80, 
	0x03, 0x00, 0x00, 0x00, 0x07, 0x00, 0x80, 0x01, 0x00, 0x00, 0x00, 0x06, 0x00, 0x00, 0x00, 0x00, 
	0x00, 0x00, 0x00, 0x00, 0x00, 0x00, 0x00, 0x00, 0x00, 0x00, 0x00, 0x00, 0x00, 0x00, 0x00, 0x00, 
	0x00, 0x00, 0x00, 0x00, 0x00, 0x00, 0x00, 0x00, 0x00, 0x00, 0x00, 0x00, 0x00, 0x00, 0x00, 0x00, 
	0x00, 0x00, 0x00, 0x00, 0x00, 0x00, 0x00, 0x00, 0x00, 0x00, 0x00, 0x00, 0x00, 0x00
};
// '_a_frm5,40', 50x50px
const unsigned char epd_bitmap__a_frm5_40_ [] PROGMEM = {
	0x00, 0x00, 0x00, 0x00, 0x00, 0x00, 0x00, 0x00, 0x00, 0x00, 0x00, 0x00, 0x00, 0x00, 0x00, 0x00, 
	0x00, 0x00, 0x00, 0x00, 0x00, 0x00, 0x00, 0x00, 0x00, 0x00, 0x00, 0x00, 0x00, 0x00, 0x00, 0x00, 
	0x00, 0x00, 0x00, 0x00, 0x00, 0x00, 0x00, 0x00, 0x00, 0x00, 0x00, 0x00, 0x00, 0x00, 0x00, 0x00, 
	0x00, 0x00, 0x00, 0x00, 0x00, 0x00, 0x06, 0x00, 0x00, 0x00, 0x00, 0x00, 0x00, 0x07, 0x00, 0x00, 
	0x00, 0x00, 0x00, 0x80, 0x03, 0x00, 0x00, 0x00, 0x00, 0x00, 0xc0, 0x01, 0x00, 0x00, 0x00, 0x00, 
	0x00, 0xe0, 0x00, 0x00, 0x00, 0x00, 0x00, 0x00, 0x70, 0x00, 0x00, 0x00, 0x00, 0x00, 0x00, 0x38, 
	0x00, 0x00, 0x00, 0x00, 0x00, 0x00, 0x1c, 0x00, 0x00, 0x00, 0x00, 0x00, 0x00, 0x0e, 0x00, 0x00, 
	0x00, 0x00, 0x00, 0x00, 0x07, 0x00, 0x00, 0x00, 0x00, 0x00, 0x80, 0x03, 0x00, 0x00, 0x00, 0x00, 
	0x00, 0xc0, 0x01, 0x00, 0x00, 0x00, 0x00, 0x10, 0xe0, 0x00, 0x00, 0x00, 0x00, 0x00, 0x38, 0x70, 
	0x00, 0x00, 0x00, 0x00, 0x00, 0x70, 0x38, 0x00, 0x00, 0x00, 0x00, 0x00, 0xe0, 0x1c, 0x00, 0x00, 
	0x00, 0x00, 0x00, 0xc0, 0x0f, 0x00, 0x00, 0x00, 0x00, 0x00, 0x80, 0x07, 0x00, 0x00, 0x00, 0x00, 
	0x00, 0x80, 0x07, 0x00, 0x00, 0x00, 0x00, 0x00, 0xc0, 0x0f, 0x00, 0x00, 0x00, 0x00, 0x00, 0xe0, 
	0x1c, 0x00, 0x00, 0x00, 0x00, 0x00, 0x70, 0x38, 0x00, 0x00, 0x00, 0x00, 0x00, 0x38, 0x70, 0x00, 
	0x00, 0x00, 0x00, 0x00, 0x1c, 0xe0, 0x00, 0x00, 0x00, 0x00, 0x00, 0x0e, 0xc0, 0x01, 0x00, 0x00, 
	0x00, 0x00, 0x07, 0x80, 0x03, 0x00, 0x00, 0x00, 0x80, 0x03, 0x00, 0x07, 0x00, 0x00, 0x00, 0xc0, 
	0x01, 0x00, 0x0e, 0x00, 0x00, 0x00, 0xe0, 0x00, 0x00, 0x1c, 0x00, 0x00, 0x00, 0x70, 0x00, 0x00, 
	0x38, 0x00, 0x00, 0x00, 0x38, 0x00, 0x00, 0x70, 0x00, 0x00, 0x00, 0x1c, 0x00, 0x00, 0xe0, 0x00, 
	0x00, 0x00, 0x0e, 0x00, 0x00, 0xc0, 0x01, 0x00, 0x00, 0x07, 0x00, 0x00, 0x80, 0x03, 0x00, 0x80, 
	0x03, 0x00, 0x00, 0x00, 0x07, 0x00, 0x80, 0x01, 0x00, 0x00, 0x00, 0x06, 0x00, 0x00, 0x00, 0x00, 
	0x00, 0x00, 0x00, 0x00, 0x00, 0x00, 0x00, 0x00, 0x00, 0x00, 0x00, 0x00, 0x00, 0x00, 0x00, 0x00, 
	0x00, 0x00, 0x00, 0x00, 0x00, 0x00, 0x00, 0x00, 0x00, 0x00, 0x00, 0x00, 0x00, 0x00, 0x00, 0x00, 
	0x00, 0x00, 0x00, 0x00, 0x00, 0x00, 0x00, 0x00, 0x00, 0x00, 0x00, 0x00, 0x00, 0x00
};
// '_a_frm8,50', 50x50px
const unsigned char epd_bitmap__a_frm8_50_ [] PROGMEM = {
	0x00, 0x00, 0x00, 0x00, 0x00, 0x00, 0x00, 0x00, 0x00, 0x00, 0x00, 0x00, 0x00, 0x00, 0x00, 0x00, 
	0x00, 0x00, 0x00, 0x00, 0x00, 0x00, 0x00, 0x00, 0x00, 0x00, 0x00, 0x00, 0x00, 0x00, 0x00, 0x00, 
	0x00, 0x00, 0x00, 0x00, 0x00, 0x00, 0x00, 0x00, 0x00, 0x00, 0x00, 0x00, 0x00, 0x00, 0x00, 0x00, 
	0x00, 0x00, 0x00, 0x00, 0x00, 0x00, 0x00, 0x00, 0x00, 0x00, 0x00, 0x00, 0x00, 0x00, 0x00, 0x00, 
	0x00, 0x00, 0x00, 0x00, 0x00, 0x00, 0x00, 0x00, 0x00, 0x00, 0x00, 0x00, 0x00, 0x00, 0x00, 0x00, 
	0x00, 0x00, 0x00, 0x00, 0x00, 0x00, 0x00, 0x00, 0x00, 0x00, 0x00, 0x00, 0x00, 0x00, 0x00, 0x00, 
	0x00, 0x00, 0x00, 0x00, 0x00, 0x00, 0x00, 0x00, 0x00, 0x00, 0x00, 0x00, 0x00, 0x00, 0x00, 0x00, 
	0x00, 0x00, 0x00, 0x00, 0x00, 0x00, 0x00, 0x00, 0x00, 0x00, 0x00, 0x00, 0x00, 0x00, 0x00, 0x00, 
	0x00, 0x00, 0x00, 0x00, 0x00, 0x00, 0x00, 0x00, 0x20, 0x00, 0x00, 0x00, 0x00, 0x00, 0x00, 0x70, 
	0x00, 0x00, 0x00, 0x00, 0x00, 0x00, 0x38, 0x00, 0x00, 0x00, 0x00, 0x00, 0x00, 0x1c, 0x00, 0x00, 
	0x00, 0x00, 0x00, 0x00, 0x0e, 0x00, 0x00, 0x00, 0x00, 0x00, 0x00, 0x07, 0x00, 0x00, 0x00, 0x00, 
	0x00, 0x80, 0x03, 0x00, 0x00, 0x00, 0x00, 0x00, 0xc0, 0x01, 0x00, 0x00, 0x00, 0x00, 0x00, 0xe0, 
	0x00, 0x00, 0x00, 0x00, 0x00, 0x00, 0x70, 0x00, 0x00, 0x00, 0x00, 0x00, 0x00, 0x38, 0x00, 0x00, 
	0x00, 0x00, 0x00, 0x00, 0x1c, 0x00, 0x00, 0x00, 0x00, 0x00, 0x00, 0x0e, 0x00, 0x00, 0x00, 0x00, 
	0x00, 0x00, 0x07, 0x00, 0x00, 0x00, 0x00, 0x00, 0x80, 0x03, 0x00, 0x00, 0x00, 0x00, 0x00, 0xc0, 
	0x01, 0x00, 0x00, 0x00, 0x00, 0x00, 0xe0, 0x00, 0x00, 0x00, 0x00, 0x00, 0x00, 0x70, 0x00, 0x00, 
	0x00, 0x00, 0x00, 0x00, 0x38, 0x00, 0x00, 0x00, 0x00, 0x00, 0x00, 0x1c, 0x00, 0x00, 0x00, 0x00, 
	0x00, 0x00, 0x0e, 0x00, 0x00, 0x00, 0x00, 0x00, 0x00, 0x07, 0x00, 0x00, 0x00, 0x00, 0x00, 0x80, 
	0x03, 0x00, 0x00, 0x00, 0x00, 0x00, 0x80, 0x01, 0x00, 0x00, 0x00, 0x00, 0x00, 0x00, 0x00, 0x00, 
	0x00, 0x00, 0x00, 0x00, 0x00, 0x00, 0x00, 0x00, 0x00, 0x00, 0x00, 0x00, 0x00, 0x00, 0x00, 0x00, 
	0x00, 0x00, 0x00, 0x00, 0x00, 0x00, 0x00, 0x00, 0x00, 0x00, 0x00, 0x00, 0x00, 0x00, 0x00, 0x00, 
	0x00, 0x00, 0x00, 0x00, 0x00, 0x00, 0x00, 0x00, 0x00, 0x00, 0x00, 0x00, 0x00, 0x00
};
// '_a_frm9,40', 50x50px
const unsigned char epd_bitmap__a_frm9_40_ [] PROGMEM = {
	0x00, 0x00, 0x00, 0x00, 0x00, 0x00, 0x00, 0x00, 0x00, 0x00, 0x00, 0x00, 0x00, 0x00, 0x00, 0x00, 
	0x00, 0x00, 0x00, 0x00, 0x00, 0x00, 0x00, 0x00, 0x00, 0x00, 0x00, 0x00, 0x00, 0x00, 0x00, 0x00, 
	0x00, 0x00, 0x00, 0x00, 0x00, 0x00, 0x00, 0x00, 0x00, 0x00, 0x00, 0x00, 0x00, 0x00, 0x00, 0x00, 
	0x00, 0x00, 0x00, 0x00, 0x00, 0x00, 0x00, 0x00, 0x00, 0x00, 0x00, 0x00, 0x00, 0x00, 0x00, 0x00, 
	0x00, 0x00, 0x00, 0x00, 0x00, 0x00, 0x00, 0x00, 0x00, 0x00, 0x00, 0x00, 0x00, 0x00, 0x00, 0x00, 
	0x00, 0x00, 0x00, 0x00, 0x00, 0x00, 0x00, 0x00, 0x00, 0x00, 0x00, 0x00, 0x00, 0x00, 0x00, 0x00, 
	0x00, 0x00, 0x00, 0x00, 0x00, 0x00, 0x00, 0x00, 0x00, 0x00, 0x00, 0x00, 0x00, 0x00, 0x00, 0x00, 
	0x00, 0x00, 0x00, 0x00, 0x00, 0x00, 0x00, 0x00, 0x00, 0x00, 0x00, 0x00, 0x00, 0x00, 0x00, 0x00, 
	0x00, 0x00, 0x00, 0x00, 0x00, 0x00, 0x00, 0x00, 0x00, 0x00, 0x00, 0x00, 0x00, 0x00, 0x00, 0x00, 
	0x00, 0x00, 0x00, 0x00, 0x00, 0x00, 0x00, 0x00, 0x00, 0x00, 0x00, 0x00, 0x00, 0x00, 0x00, 0x00, 
	0x00, 0x00, 0x00, 0x00, 0x00, 0x00, 0x00, 0x00, 0x00, 0x00, 0x00, 0x00, 0x00, 0x00, 0x00, 0x00, 
	0x00, 0x00, 0x00, 0x00, 0x00, 0x00, 0x00, 0x00, 0x00, 0x00, 0x00, 0x00, 0x00, 0x00, 0x00, 0x00, 
	0x00, 0x00, 0x00, 0x00, 0x00, 0x00, 0x00, 0x00, 0x00, 0x00, 0x00, 0x00, 0x00, 0x00, 0x00, 0x00, 
	0x00, 0x00, 0x00, 0x00, 0x0c, 0x00, 0x00, 0x00, 0x00, 0x00, 0x00, 0x0e, 0x00, 0x00, 0x00, 0x00, 
	0x00, 0x00, 0x07, 0x00, 0x00, 0x00, 0x00, 0x00, 0x80, 0x03, 0x00, 0x00, 0x00, 0x00, 0x00, 0xc0, 
	0x01, 0x00, 0x00, 0x00, 0x00, 0x00, 0xe0, 0x00, 0x00, 0x00, 0x00, 0x00, 0x00, 0x70, 0x00, 0x00, 
	0x00, 0x00, 0x00, 0x00, 0x38, 0x00, 0x00, 0x00, 0x00, 0x00, 0x00, 0x1c, 0x00, 0x00, 0x00, 0x00, 
	0x00, 0x00, 0x0e, 0x00, 0x00, 0x00, 0x00, 0x00, 0x00, 0x07, 0x00, 0x00, 0x00, 0x00, 0x00, 0x80, 
	0x03, 0x00, 0x00, 0x00, 0x00, 0x00, 0x80, 0x01, 0x00, 0x00, 0x00, 0x00, 0x00, 0x00, 0x00, 0x00, 
	0x00, 0x00, 0x00, 0x00, 0x00, 0x00, 0x00, 0x00, 0x00, 0x00, 0x00, 0x00, 0x00, 0x00, 0x00, 0x00, 
	0x00, 0x00, 0x00, 0x00, 0x00, 0x00, 0x00, 0x00, 0x00, 0x00, 0x00, 0x00, 0x00, 0x00, 0x00, 0x00, 
	0x00, 0x00, 0x00, 0x00, 0x00, 0x00, 0x00, 0x00, 0x00, 0x00, 0x00, 0x00, 0x00, 0x00
};
// '_a_frm10,40', 50x50px
const unsigned char epd_bitmap__a_frm10_40_ [] PROGMEM = {
	0x00, 0x00, 0x00, 0x00, 0x00, 0x00, 0x00, 0x00, 0x00, 0x00, 0x00, 0x00, 0x00, 0x00, 0x00, 0x00, 
	0x00, 0x00, 0x00, 0x00, 0x00, 0x00, 0x00, 0x00, 0x00, 0x00, 0x00, 0x00, 0x00, 0x00, 0x00, 0x00, 
	0x00, 0x00, 0x00, 0x00, 0x00, 0x00, 0x00, 0x00, 0x00, 0x00, 0x00, 0x00, 0x00, 0x00, 0x00, 0x00, 
	0x00, 0x00, 0x00, 0x00, 0x00, 0x00, 0x00, 0x00, 0x00, 0x00, 0x00, 0x00, 0x00, 0x00, 0x00, 0x00, 
	0x00, 0x00, 0x00, 0x00, 0x00, 0x00, 0x00, 0x00, 0x00, 0x00, 0x00, 0x00, 0x00, 0x00, 0x00, 0x00, 
	0x00, 0x00, 0x00, 0x00, 0x00, 0x00, 0x00, 0x00, 0x00, 0x00, 0x00, 0x00, 0x00, 0x00, 0x00, 0x00, 
	0x00, 0x00, 0x00, 0x00, 0x00, 0x00, 0x00, 0x00, 0x00, 0x00, 0x00, 0x00, 0x00, 0x00, 0x00, 0x00, 
	0x00, 0x00, 0x00, 0x00, 0x00, 0x00, 0x00, 0x00, 0x00, 0x00, 0x00, 0x00, 0x00, 0x00, 0x00, 0x00, 
	0x00, 0x00, 0x00, 0x00, 0x00, 0x00, 0x00, 0x00, 0x00, 0x00, 0x00, 0x00, 0x00, 0x00, 0x00, 0x00, 
	0x00, 0x00, 0x00, 0x00, 0x00, 0x00, 0x00, 0x00, 0x00, 0x00, 0x00, 0x00, 0x00, 0x00, 0x00, 0x00, 
	0x00, 0x00, 0x00, 0x00, 0x00, 0x00, 0x00, 0x00, 0x00, 0x00, 0x00, 0x00, 0x00, 0x00, 0x00, 0x00, 
	0x00, 0x00, 0x00, 0x00, 0x00, 0x00, 0x00, 0x00, 0x00, 0x00, 0x00, 0x00, 0x00, 0x00, 0x00, 0x00, 
	0x00, 0x00, 0x00, 0x00, 0x00, 0x00, 0x00, 0x00, 0x00, 0x00, 0x00, 0x00, 0x00, 0x00, 0x00, 0x00, 
	0x00, 0x00, 0x00, 0x00, 0x00, 0x00, 0x00, 0x00, 0x00, 0x00, 0x00, 0x00, 0x00, 0x00, 0x00, 0x00, 
	0x00, 0x00, 0x00, 0x00, 0x00, 0x00, 0x00, 0x00, 0x00, 0x00, 0x00, 0x00, 0x00, 0x00, 0x00, 0x00, 
	0x00, 0x00, 0x00, 0x00, 0x00, 0x00, 0x00, 0x00, 0x00, 0x00, 0x00, 0x00, 0x00, 0x00, 0x00, 0x00, 
	0x00, 0x00, 0x00, 0x00, 0x00, 0x00, 0x00, 0x00, 0x00, 0x00, 0x00, 0x00, 0x00, 0x00, 0x00, 0x00, 
	0x00, 0x00, 0x06, 0x00, 0x00, 0x00, 0x00, 0x00, 0x00, 0x07, 0x00, 0x00, 0x00, 0x00, 0x00, 0x80, 
	0x03, 0x00, 0x00, 0x00, 0x00, 0x00, 0x80, 0x01, 0x00, 0x00, 0x00, 0x00, 0x00, 0x00, 0x00, 0x00, 
	0x00, 0x00, 0x00, 0x00, 0x00, 0x00, 0x00, 0x00, 0x00, 0x00, 0x00, 0x00, 0x00, 0x00, 0x00, 0x00, 
	0x00, 0x00, 0x00, 0x00, 0x00, 0x00, 0x00, 0x00, 0x00, 0x00, 0x00, 0x00, 0x00, 0x00, 0x00, 0x00, 
	0x00, 0x00, 0x00, 0x00, 0x00, 0x00, 0x00, 0x00, 0x00, 0x00, 0x00, 0x00, 0x00, 0x00
};
// '_a_frm11,40', 50x50px
const unsigned char epd_bitmap__a_frm11_40_ [] PROGMEM = {
	0x00, 0x00, 0x00, 0x00, 0x00, 0x00, 0x00, 0x00, 0x00, 0x00, 0x00, 0x00, 0x00, 0x00, 0x00, 0x00, 
	0x00, 0x00, 0x00, 0x00, 0x00, 0x00, 0x00, 0x00, 0x00, 0x00, 0x00, 0x00, 0x00, 0x00, 0x00, 0x00, 
	0x00, 0x00, 0x00, 0x00, 0x00, 0x00, 0x00, 0x00, 0x00, 0x00, 0x00, 0x00, 0x00, 0x00, 0x00, 0x00, 
	0x00, 0x00, 0x00, 0x00, 0x00, 0x00, 0x00, 0x00, 0x00, 0x00, 0x00, 0x00, 0x00, 0x00, 0x00, 0x00, 
	0x00, 0x00, 0x00, 0x00, 0x00, 0x00, 0x00, 0x00, 0x00, 0x00, 0x00, 0x00, 0x00, 0x00, 0x00, 0x00, 
	0x00, 0x00, 0x00, 0x00, 0x00, 0x00, 0x00, 0x00, 0x00, 0x00, 0x00, 0x00, 0x00, 0x00, 0x00, 0x00, 
	0x00, 0x00, 0x00, 0x00, 0x00, 0x00, 0x00, 0x00, 0x00, 0x00, 0x00, 0x00, 0x00, 0x00, 0x00, 0x00, 
	0x00, 0x00, 0x00, 0x00, 0x00, 0x00, 0x00, 0x00, 0x00, 0x00, 0x00, 0x00, 0x00, 0x00, 0x00, 0x00, 
	0x00, 0x00, 0x00, 0x00, 0x00, 0x00, 0x00, 0x00, 0x00, 0x00, 0x00, 0x00, 0x00, 0x00, 0x00, 0x00, 
	0x00, 0x00, 0x00, 0x00, 0x00, 0x00, 0x00, 0x00, 0x00, 0x00, 0x00, 0x00, 0x00, 0x00, 0x00, 0x00, 
	0x00, 0x00, 0x00, 0x00, 0x00, 0x00, 0x00, 0x00, 0x00, 0x00, 0x00, 0x00, 0x00, 0x00, 0x00, 0x00, 
	0x00, 0x00, 0x00, 0x00, 0x00, 0x00, 0x00, 0x00, 0x00, 0x00, 0x00, 0x00, 0x00, 0x00, 0x00, 0x00, 
	0x00, 0x00, 0x00, 0x00, 0x00, 0x00, 0x00, 0x00, 0x00, 0x00, 0x00, 0x00, 0x00, 0x00, 0x00, 0x00, 
	0x00, 0x00, 0x00, 0x00, 0x00, 0x00, 0x00, 0x00, 0x00, 0x00, 0x00, 0x00, 0x00, 0x00, 0x00, 0x00, 
	0x00, 0x00, 0x00, 0x00, 0x00, 0x00, 0x00, 0x00, 0x00, 0x00, 0x00, 0x00, 0x00, 0x00, 0x00, 0x00, 
	0x00, 0x00, 0x00, 0x00, 0x00, 0x00, 0x00, 0x00, 0x00, 0x00, 0x00, 0x00, 0x00, 0x00, 0x00, 0x00, 
	0x00, 0x00, 0x00, 0x00, 0x00, 0x00, 0x00, 0x00, 0x00, 0x00, 0x00, 0x00, 0x00, 0x00, 0x00, 0x00, 
	0x00, 0x00, 0x00, 0x00, 0x00, 0x00, 0x00, 0x00, 0x00, 0x00, 0x00, 0x00, 0x00, 0x00, 0x00, 0x00, 
	0x00, 0x00, 0x00, 0x00, 0x00, 0x00, 0x00, 0x00, 0x00, 0x00, 0x00, 0x00, 0x00, 0x00, 0x00, 0x00, 
	0x00, 0x00, 0x00, 0x00, 0x00, 0x00, 0x00, 0x00, 0x00, 0x00, 0x00, 0x00, 0x00, 0x00, 0x00, 0x00, 
	0x00, 0x00, 0x00, 0x00, 0x00, 0x00, 0x00, 0x00, 0x00, 0x00, 0x00, 0x00, 0x00, 0x00, 0x00, 0x00, 
	0x00, 0x00, 0x00, 0x00, 0x00, 0x00, 0x00, 0x00, 0x00, 0x00, 0x00, 0x00, 0x00, 0x00
};
// '_a_frm12,40', 50x50px
const unsigned char epd_bitmap__a_frm12_40_ [] PROGMEM = {
	0x00, 0x00, 0x00, 0x00, 0x00, 0x00, 0x00, 0x00, 0x00, 0x00, 0x00, 0x00, 0x00, 0x00, 0x00, 0x00, 
	0x00, 0x00, 0x00, 0x00, 0x00, 0x00, 0x00, 0x00, 0x00, 0x00, 0x00, 0x00, 0x00, 0x00, 0x00, 0x00, 
	0x00, 0x00, 0x00, 0x00, 0x00, 0x00, 0x00, 0x00, 0x00, 0x00, 0x00, 0x00, 0x00, 0x00, 0x00, 0x00, 
	0x00, 0x00, 0x00, 0x00, 0x00, 0x00, 0x00, 0x00, 0x00, 0x00, 0x00, 0x00, 0x00, 0x00, 0x00, 0x00, 
	0x00, 0x00, 0x00, 0x00, 0x00, 0x00, 0x00, 0x00, 0x00, 0x00, 0x00, 0x00, 0x00, 0x00, 0x00, 0x00, 
	0x00, 0x00, 0x00, 0x00, 0x00, 0x00, 0x00, 0x00, 0x00, 0x00, 0x00, 0x00, 0x00, 0x00, 0x00, 0x00, 
	0x00, 0x00, 0x00, 0x00, 0x00, 0x00, 0x00, 0x00, 0x00, 0x00, 0x00, 0x00, 0x00, 0x00, 0x00, 0x00, 
	0x00, 0x00, 0x00, 0x00, 0x00, 0x00, 0x00, 0x00, 0x00, 0x00, 0x00, 0x00, 0x00, 0x00, 0x00, 0x00, 
	0x00, 0x00, 0x00, 0x00, 0x00, 0x00, 0x00, 0x00, 0x00, 0x00, 0x00, 0x00, 0x00, 0x00, 0x00, 0x00, 
	0x00, 0x00, 0x00, 0x00, 0x00, 0x00, 0x00, 0x00, 0x00, 0x00, 0x00, 0x00, 0x00, 0x00, 0x00, 0x00, 
	0x00, 0x00, 0x00, 0x00, 0x00, 0x00, 0x00, 0x00, 0x00, 0x00, 0x00, 0x00, 0x00, 0x00, 0x00, 0x00, 
	0x00, 0x00, 0x00, 0x00, 0x00, 0x00, 0x00, 0x00, 0x00, 0x00, 0x00, 0x00, 0x00, 0x00, 0x00, 0x00, 
	0x00, 0x00, 0x00, 0x00, 0x00, 0x00, 0x00, 0x00, 0x00, 0x00, 0x00, 0x00, 0x00, 0x00, 0x00, 0x00, 
	0x00, 0x00, 0x00, 0x00, 0x00, 0x00, 0x00, 0x00, 0x00, 0x00, 0x00, 0x00, 0x00, 0x00, 0x00, 0x00, 
	0x00, 0x00, 0x00, 0x00, 0x00, 0x00, 0x00, 0x00, 0x00, 0x00, 0x00, 0x00, 0x00, 0x00, 0x00, 0x00, 
	0x00, 0x00, 0x00, 0x00, 0x00, 0x00, 0x00, 0x00, 0x00, 0x00, 0x00, 0x00, 0x00, 0x00, 0x00, 0x00, 
	0x00, 0x00, 0x00, 0x00, 0x00, 0x00, 0x00, 0x00, 0x00, 0x00, 0x00, 0x00, 0x00, 0x00, 0x00, 0x00, 
	0x00, 0x00, 0x00, 0x00, 0x00, 0x00, 0x00, 0x00, 0x00, 0x00, 0x00, 0x00, 0x00, 0x00, 0x00, 0x00, 
	0x00, 0x00, 0x00, 0x00, 0x00, 0x00, 0x00, 0x00, 0x00, 0x00, 0x00, 0x00, 0x00, 0x00, 0x00, 0x00, 
	0x00, 0x00, 0x00, 0x00, 0x00, 0x00, 0x00, 0x00, 0x00, 0x00, 0x00, 0x00, 0x00, 0x00, 0x00, 0x00, 
	0x00, 0x00, 0x00, 0x00, 0x00, 0x00, 0x00, 0x00, 0x00, 0x00, 0x00, 0x00, 0x00, 0x00, 0x00, 0x00, 
	0x00, 0x00, 0x00, 0x00, 0x00, 0x00, 0x00, 0x00, 0x00, 0x00, 0x00, 0x00, 0x00, 0x00
};

const unsigned char epd_bitmap__a_frm13_40_ [] PROGMEM = {
	0x00, 0x00, 0x00, 0x00, 0x00, 0x00, 0x00, 0x00, 0x00, 0x00, 0x00, 0x00, 0x00, 0x00, 0x00, 0x00, 
	0x00, 0x00, 0x00, 0x00, 0x00, 0x00, 0x00, 0x00, 0x00, 0x00, 0x00, 0x00, 0x00, 0x00, 0x00, 0x00, 
	0x00, 0x00, 0x00, 0x00, 0x00, 0x00, 0x00, 0x00, 0x00, 0x00, 0x00, 0x00, 0x00, 0x00, 0x00, 0x00, 
	0x00, 0x00, 0x00, 0x00, 0x00, 0x00, 0x00, 0x00, 0x00, 0x00, 0x00, 0x00, 0x00, 0x00, 0x00, 0x00, 
	0x00, 0x00, 0x00, 0x00, 0x00, 0x00, 0x00, 0x00, 0x00, 0x00, 0x00, 0x00, 0x00, 0x00, 0x00, 0x00, 
	0x00, 0x00, 0x00, 0x00, 0x00, 0x00, 0x00, 0x00, 0x00, 0x00, 0x00, 0x00, 0x00, 0x00, 0x00, 0x00, 
	0x00, 0x00, 0x00, 0x00, 0x00, 0x00, 0x00, 0x00, 0x00, 0x00, 0x00, 0x00, 0x00, 0x00, 0x00, 0x00, 
	0x00, 0x00, 0x00, 0x00, 0x00, 0x00, 0x00, 0x00, 0x00, 0x00, 0x00, 0x00, 0x00, 0x00, 0x00, 0x00, 
	0x00, 0x00, 0x00, 0x00, 0x00, 0x00, 0x00, 0x00, 0x00, 0x00, 0x00, 0x00, 0x00, 0x00, 0x00, 0x00, 
	0x00, 0x00, 0x00, 0x00, 0x00, 0x00, 0x00, 0x00, 0x00, 0x00, 0x00, 0x00, 0x00, 0x00, 0x00, 0x00, 
	0x00, 0x00, 0x00, 0x00, 0x00, 0x00, 0x00, 0x00, 0x00, 0x00, 0x00, 0x00, 0x00, 0x00, 0x00, 0x00, 
	0x00, 0x00, 0x00, 0x00, 0x00, 0x00, 0x00, 0x00, 0x00, 0x00, 0x00, 0x00, 0x00, 0x00, 0x00, 0x00, 
	0x00, 0x00, 0x00, 0x00, 0x00, 0x00, 0x00, 0x00, 0x00, 0x00, 0x00, 0x00, 0x00, 0x00, 0x00, 0x00, 
	0x00, 0x00, 0x00, 0x00, 0x00, 0x00, 0x00, 0x00, 0x00, 0x00, 0x00, 0x00, 0x00, 0x00, 0x00, 0x00, 
	0x00, 0x00, 0x00, 0x00, 0x00, 0x00, 0x00, 0x00, 0x00, 0x00, 0x00, 0x00, 0x00, 0x00, 0x00, 0x00, 
	0x00, 0x00, 0x00, 0x00, 0x00, 0x00, 0x00, 0x00, 0x00, 0x00, 0x00, 0x00, 0x00, 0x00, 0x00, 0x00, 
	0x00, 0x00, 0x00, 0x00, 0x00, 0x00, 0x00, 0x00, 0x00, 0x00, 0x00, 0x00, 0x00, 0x00, 0x00, 0x00, 
	0x00, 0x00, 0x00, 0x00, 0x00, 0x00, 0x00, 0x00, 0x00, 0x00, 0x00, 0x00, 0x00, 0x00, 0x00, 0x00, 
	0x00, 0x00, 0x00, 0x00, 0x00, 0x00, 0x00, 0x00, 0x00, 0x00, 0x00, 0x00, 0x00, 0x00, 0x00, 0x00, 
	0x00, 0x00, 0x00, 0x00, 0x00, 0x00, 0x00, 0x00, 0x00, 0x00, 0x00, 0x00, 0x00, 0x00, 0x00, 0x00, 
	0x00, 0x00, 0x00, 0x00, 0x00, 0x00, 0x00, 0x00, 0x00, 0x00, 0x00, 0x00, 0x00, 0x00, 0x00, 0x00, 
	0x00, 0x00, 0x00, 0x00, 0x00, 0x00, 0x00, 0x00, 0x00, 0x00, 0x00, 0x00, 0x00, 0x00
};
// '_a_frm14,50', 50x50px
const unsigned char epd_bitmap__a_frm14_50_ [] PROGMEM = {
	0x00, 0x00, 0x00, 0x00, 0x00, 0x00, 0x00, 0x00, 0x00, 0x00, 0x00, 0x00, 0x00, 0x00, 0x00, 0x00, 
	0x00, 0x00, 0x00, 0x00, 0x00, 0x00, 0x00, 0x00, 0x00, 0x00, 0x00, 0x00, 0x00, 0x00, 0x00, 0x00, 
	0x00, 0x00, 0x00, 0x00, 0x00, 0x00, 0x00, 0x00, 0x00, 0x00, 0x00, 0x00, 0x00, 0x00, 0x00, 0x00, 
	0x00, 0x00, 0x00, 0x00, 0x00, 0x00, 0x00, 0x00, 0x00, 0x00, 0x00, 0x00, 0x00, 0x00, 0x00, 0x00, 
	0x00, 0x00, 0x00, 0x00, 0x00, 0x00, 0x00, 0x00, 0x00, 0x00, 0x00, 0x00, 0x00, 0x00, 0x00, 0x00, 
	0x00, 0x00, 0x00, 0x00, 0x00, 0x00, 0x00, 0x00, 0x00, 0x00, 0x00, 0x00, 0x00, 0x00, 0x00, 0x00, 
	0x00, 0x00, 0x00, 0x00, 0x00, 0x00, 0x00, 0x00, 0x00, 0x00, 0x00, 0x00, 0x00, 0x00, 0x00, 0x00, 
	0x00, 0x00, 0x00, 0x00, 0x00, 0x00, 0x00, 0x00, 0x00, 0x00, 0x00, 0x00, 0x00, 0x00, 0x00, 0x00, 
	0x00, 0x00, 0x00, 0x00, 0x00, 0x00, 0x00, 0x00, 0x00, 0x00, 0x00, 0x00, 0x00, 0x00, 0x00, 0x00, 
	0x00, 0x00, 0x00, 0x00, 0x00, 0x00, 0x00, 0x00, 0x00, 0x00, 0x00, 0x00, 0x00, 0x00, 0x00, 0x00, 
	0x00, 0x00, 0x00, 0x00, 0x00, 0x00, 0x00, 0x00, 0x00, 0x00, 0x00, 0x00, 0x00, 0x00, 0x00, 0x00, 
	0x00, 0x00, 0x00, 0x00, 0x00, 0x00, 0x00, 0x00, 0x00, 0x00, 0x00, 0x00, 0x00, 0x00, 0x00, 0x00, 
	0x00, 0x00, 0x00, 0x00, 0x00, 0x00, 0x00, 0x00, 0x00, 0x00, 0x00, 0x00, 0x00, 0x00, 0x00, 0x00, 
	0x00, 0x00, 0x00, 0x00, 0x00, 0x00, 0x00, 0x00, 0x00, 0x00, 0x00, 0x00, 0x00, 0x00, 0x00, 0x00, 
	0x00, 0x00, 0x00, 0x00, 0x00, 0x00, 0x00, 0x00, 0x00, 0x00, 0x00, 0x00, 0x00, 0x00, 0x00, 0x00, 
	0x00, 0x00, 0x00, 0x00, 0x00, 0x00, 0x00, 0x00, 0x00, 0x00, 0x00, 0x00, 0x00, 0x00, 0x00, 0x00, 
	0x00, 0x00, 0x00, 0x00, 0x00, 0x00, 0x00, 0x00, 0x00, 0x00, 0x00, 0x00, 0x00, 0x00, 0x00, 0x00, 
	0x00, 0x00, 0x00, 0x00, 0x00, 0x00, 0x00, 0x00, 0x00, 0x00, 0x00, 0x00, 0x00, 0x00, 0x00, 0x00, 
	0x00, 0x00, 0x00, 0x00, 0x00, 0x00, 0x00, 0x00, 0x00, 0x00, 0x00, 0x00, 0x00, 0x00, 0x00, 0x00, 
	0x00, 0x00, 0x00, 0x00, 0x00, 0x00, 0x00, 0x00, 0x00, 0x00, 0x00, 0x00, 0x00, 0x00, 0x00, 0x00, 
	0x00, 0x00, 0x00, 0x00, 0x00, 0x00, 0x00, 0x00, 0x00, 0x00, 0x00, 0x00, 0x00, 0x00, 0x00, 0x00, 
	0x00, 0x00, 0x00, 0x00, 0x00, 0x00, 0x00, 0x00, 0x00, 0x00, 0x00, 0x00, 0x00, 0x00
};
// '_a_frm15,40', 50x50px
const unsigned char epd_bitmap__a_frm15_40_ [] PROGMEM = {
	0x00, 0x00, 0x00, 0x00, 0x00, 0x00, 0x00, 0x00, 0x00, 0x00, 0x00, 0x00, 0x00, 0x00, 0x00, 0x00, 
	0x00, 0x00, 0x00, 0x00, 0x00, 0x00, 0x00, 0x00, 0x00, 0x00, 0x00, 0x00, 0x00, 0x00, 0x00, 0x00, 
	0x00, 0x00, 0x00, 0x00, 0x00, 0x00, 0x00, 0x00, 0x00, 0x00, 0x00, 0x00, 0x00, 0x00, 0x00, 0x00, 
	0x00, 0x00, 0x00, 0x00, 0x00, 0x00, 0x00, 0x00, 0x00, 0x00, 0x00, 0x00, 0x00, 0x00, 0x00, 0x00, 
	0x00, 0x00, 0x00, 0x00, 0x00, 0x00, 0x00, 0x00, 0x00, 0x00, 0x00, 0x00, 0x00, 0x00, 0x00, 0x00, 
	0x00, 0x00, 0x00, 0x00, 0x00, 0x00, 0x00, 0x00, 0x00, 0x00, 0x00, 0x00, 0x00, 0x00, 0x00, 0x00, 
	0x00, 0x00, 0x00, 0x00, 0x00, 0x00, 0x00, 0x00, 0x00, 0x00, 0x00, 0x00, 0x00, 0x00, 0x00, 0x00, 
	0x00, 0x00, 0x00, 0x00, 0x00, 0x00, 0x00, 0x00, 0x00, 0x00, 0x00, 0x00, 0x00, 0x00, 0x00, 0x00, 
	0x00, 0x00, 0x00, 0x00, 0x00, 0x00, 0x00, 0x00, 0x00, 0x00, 0x00, 0x00, 0x00, 0x00, 0x00, 0x00, 
	0x00, 0x00, 0x00, 0x00, 0x00, 0x00, 0x00, 0x00, 0x00, 0x00, 0x00, 0x00, 0x00, 0x00, 0x00, 0x00, 
	0x00, 0x00, 0x00, 0x00, 0x00, 0x00, 0x00, 0x00, 0x00, 0x00, 0x00, 0x00, 0x00, 0x00, 0x00, 0x00, 
	0x00, 0x00, 0x00, 0x00, 0x00, 0x00, 0x00, 0x00, 0x00, 0x00, 0x00, 0x00, 0x00, 0x00, 0x00, 0x00, 
	0x00, 0x00, 0x00, 0x00, 0x00, 0x00, 0x00, 0x00, 0x00, 0x00, 0x00, 0x00, 0x00, 0x00, 0x00, 0x00, 
	0x00, 0x00, 0x00, 0x00, 0x00, 0x00, 0x00, 0x00, 0x00, 0x00, 0x00, 0x00, 0x00, 0x00, 0x00, 0x00, 
	0x00, 0x00, 0x00, 0x00, 0x00, 0x00, 0x00, 0x00, 0x00, 0x00, 0x00, 0x00, 0x00, 0x00, 0x00, 0x00, 
	0x00, 0x00, 0x00, 0x00, 0x00, 0x00, 0x00, 0x00, 0x00, 0x00, 0x00, 0x00, 0x00, 0x00, 0x00, 0x00, 
	0x00, 0x00, 0x00, 0x00, 0x00, 0x00, 0x00, 0x00, 0x00, 0x00, 0x00, 0x00, 0x00, 0x00, 0x00, 0x00, 
	0x00, 0x00, 0x00, 0x00, 0x00, 0x00, 0x00, 0x00, 0x00, 0x00, 0x00, 0x00, 0x00, 0x00, 0x00, 0x00, 
	0x00, 0x00, 0x00, 0x00, 0x00, 0x00, 0x00, 0x00, 0x00, 0x00, 0x00, 0x00, 0x00, 0x00, 0x00, 0x00, 
	0x00, 0x00, 0x00, 0x00, 0x00, 0x00, 0x00, 0x00, 0x00, 0x00, 0x00, 0x00, 0x00, 0x00, 0x00, 0x00, 
	0x00, 0x00, 0x00, 0x00, 0x00, 0x00, 0x00, 0x00, 0x00, 0x00, 0x00, 0x00, 0x00, 0x00, 0x00, 0x00, 
	0x00, 0x00, 0x00, 0x00, 0x00, 0x00, 0x00, 0x00, 0x00, 0x00, 0x00, 0x00, 0x00, 0x00
};
// '_a_frm16,40', 50x50px
const unsigned char epd_bitmap__a_frm16_40_ [] PROGMEM = {
	0x00, 0x00, 0x00, 0x00, 0x00, 0x00, 0x00, 0x00, 0x00, 0x00, 0x00, 0x00, 0x00, 0x00, 0x00, 0x00, 
	0x00, 0x00, 0x00, 0x00, 0x00, 0x00, 0x00, 0x00, 0x00, 0x00, 0x00, 0x00, 0x00, 0x00, 0x00, 0x00, 
	0x00, 0x00, 0x00, 0x00, 0x00, 0x00, 0x00, 0x00, 0x00, 0x00, 0x00, 0x00, 0x00, 0x00, 0x00, 0x00, 
	0x00, 0x00, 0x00, 0x00, 0x00, 0x00, 0x00, 0x00, 0x00, 0x00, 0x00, 0x00, 0x00, 0x00, 0x00, 0x00, 
	0x00, 0x00, 0x00, 0x00, 0x00, 0x00, 0x00, 0x00, 0x00, 0x00, 0x00, 0x00, 0x00, 0x00, 0x00, 0x00, 
	0x00, 0x00, 0x00, 0x00, 0x00, 0x00, 0x00, 0x00, 0x00, 0x00, 0x00, 0x00, 0x00, 0x00, 0x00, 0x00, 
	0x00, 0x00, 0x00, 0x00, 0x00, 0x00, 0x00, 0x00, 0x00, 0x00, 0x00, 0x00, 0x00, 0x00, 0x00, 0x00, 
	0x00, 0x00, 0x00, 0x00, 0x00, 0x00, 0x00, 0x00, 0x00, 0x00, 0x00, 0x00, 0x00, 0x00, 0x00, 0x00, 
	0x00, 0x00, 0x00, 0x00, 0x00, 0x00, 0x00, 0x00, 0x00, 0x00, 0x00, 0x00, 0x00, 0x00, 0x00, 0x00, 
	0x00, 0x00, 0x00, 0x00, 0x00, 0x00, 0x00, 0x00, 0x00, 0x00, 0x00, 0x00, 0x00, 0x00, 0x00, 0x00, 
	0x00, 0x00, 0x00, 0x00, 0x00, 0x00, 0x00, 0x00, 0x00, 0x00, 0x00, 0x00, 0x00, 0x00, 0x00, 0x00, 
	0x00, 0x00, 0x00, 0x00, 0x00, 0x00, 0x00, 0x00, 0x00, 0x00, 0x00, 0x00, 0x00, 0x00, 0x00, 0x00, 
	0x00, 0x00, 0x00, 0x00, 0x00, 0x00, 0x00, 0x00, 0x00, 0x00, 0x00, 0x00, 0x00, 0x00, 0x00, 0x00, 
	0x00, 0x00, 0x00, 0x00, 0x00, 0x00, 0x00, 0x00, 0x00, 0x00, 0x00, 0x00, 0x00, 0x00, 0x00, 0x00, 
	0x00, 0x00, 0x00, 0x00, 0x00, 0x00, 0x00, 0x00, 0x00, 0x00, 0x00, 0x00, 0x00, 0x00, 0x00, 0x00, 
	0x00, 0x00, 0x00, 0x00, 0x00, 0x00, 0x00, 0x00, 0x00, 0x00, 0x00, 0x00, 0x00, 0x00, 0x00, 0x00, 
	0x00, 0x00, 0x00, 0x00, 0x00, 0x00, 0x00, 0x00, 0x00, 0x00, 0x00, 0x00, 0x00, 0x00, 0x00, 0x00, 
	0x00, 0x00, 0x00, 0x00, 0x00, 0x00, 0x00, 0x00, 0x00, 0x00, 0x00, 0x00, 0x00, 0x00, 0x00, 0x00, 
	0x00, 0x00, 0x00, 0x00, 0x00, 0x00, 0x00, 0x00, 0x00, 0x00, 0x00, 0x00, 0x00, 0x00, 0x00, 0x00, 
	0x00, 0x00, 0x00, 0x00, 0x00, 0x00, 0x00, 0x00, 0x00, 0x00, 0x00, 0x00, 0x00, 0x00, 0x00, 0x00, 
	0x00, 0x00, 0x00, 0x00, 0x00, 0x00, 0x00, 0x00, 0x00, 0x00, 0x00, 0x00, 0x00, 0x00, 0x00, 0x00, 
	0x00, 0x00, 0x00, 0x00, 0x00, 0x00, 0x00, 0x00, 0x00, 0x00, 0x00, 0x00, 0x00, 0x00
};
// '_a_frm17,40', 50x50px
const unsigned char epd_bitmap__a_frm17_40_ [] PROGMEM = {
	0x00, 0x00, 0x00, 0x00, 0x00, 0x00, 0x00, 0x00, 0x00, 0x00, 0x00, 0x00, 0x00, 0x00, 0x00, 0x00, 
	0x00, 0x00, 0x00, 0x00, 0x00, 0x00, 0x00, 0x00, 0x00, 0x00, 0x00, 0x00, 0x00, 0x00, 0x00, 0x00, 
	0x00, 0x00, 0x00, 0x00, 0x00, 0x00, 0x00, 0x00, 0x00, 0x00, 0x00, 0x00, 0x00, 0x00, 0x00, 0x00, 
	0x00, 0x00, 0x00, 0x00, 0x00, 0x00, 0x00, 0x00, 0x00, 0x00, 0x00, 0x00, 0x00, 0x00, 0x00, 0x00, 
	0x00, 0x00, 0x00, 0x00, 0x00, 0x00, 0x00, 0x00, 0x00, 0x00, 0x00, 0x00, 0x00, 0x00, 0x00, 0x00, 
	0x00, 0x00, 0x00, 0x00, 0x00, 0x00, 0x00, 0x00, 0x00, 0x00, 0x00, 0x00, 0x00, 0x00, 0x00, 0x00, 
	0x00, 0x00, 0x00, 0x00, 0x00, 0x00, 0x00, 0x00, 0x00, 0x00, 0x00, 0x00, 0x00, 0x00, 0x00, 0x00, 
	0x00, 0x00, 0x00, 0x00, 0x00, 0x00, 0x00, 0x00, 0x00, 0x00, 0x00, 0x00, 0x00, 0x00, 0x00, 0x00, 
	0x00, 0x00, 0x00, 0x00, 0x00, 0x00, 0x00, 0x00, 0x00, 0x00, 0x00, 0x00, 0x00, 0x00, 0x00, 0x00, 
	0x00, 0x00, 0x00, 0x00, 0x00, 0x00, 0x00, 0x00, 0x00, 0x00, 0x00, 0x00, 0x00, 0x00, 0x00, 0x00, 
	0x00, 0x00, 0x00, 0x00, 0x00, 0x00, 0x00, 0x00, 0x00, 0x00, 0x00, 0x00, 0x00, 0x00, 0x00, 0x00, 
	0x00, 0x00, 0x00, 0x00, 0x00, 0x00, 0x00, 0x00, 0x00, 0x00, 0x00, 0x00, 0x00, 0x00, 0x00, 0x00, 
	0x00, 0x00, 0x00, 0x00, 0x00, 0x00, 0x00, 0x00, 0x00, 0x00, 0x00, 0x00, 0x00, 0x00, 0x00, 0x00, 
	0x00, 0x00, 0x00, 0x00, 0x00, 0x00, 0x00, 0x00, 0x00, 0x00, 0x00, 0x00, 0x00, 0x00, 0x00, 0x00, 
	0x00, 0x00, 0x00, 0x00, 0x00, 0x00, 0x00, 0x00, 0x00, 0x00, 0x00, 0x00, 0x00, 0x00, 0x00, 0x00, 
	0x00, 0x00, 0x00, 0x00, 0x00, 0x00, 0x00, 0x00, 0x00, 0x00, 0x00, 0x00, 0x00, 0x00, 0x00, 0x00, 
	0x00, 0x00, 0x00, 0x00, 0x00, 0x00, 0x00, 0x00, 0x00, 0x00, 0x00, 0x00, 0x00, 0x00, 0x00, 0x00, 
	0x00, 0x00, 0x00, 0x00, 0x00, 0x00, 0x00, 0x00, 0x00, 0x00, 0x00, 0x00, 0x00, 0x00, 0x00, 0x00, 
	0x00, 0x00, 0x00, 0x00, 0x00, 0x00, 0x00, 0x00, 0x00, 0x00, 0x00, 0x00, 0x00, 0x00, 0x00, 0x00, 
	0x00, 0x00, 0x00, 0x00, 0x00, 0x00, 0x00, 0x00, 0x00, 0x00, 0x00, 0x00, 0x00, 0x00, 0x00, 0x00, 
	0x00, 0x00, 0x00, 0x00, 0x00, 0x00, 0x00, 0x00, 0x00, 0x00, 0x00, 0x00, 0x00, 0x00, 0x00, 0x00, 
	0x00, 0x00, 0x00, 0x00, 0x00, 0x00, 0x00, 0x00, 0x00, 0x00, 0x00, 0x00, 0x00, 0x00
};

const int epd_bitmap_allArray_LEN_ = 18;
const unsigned char* epd_bitmap_allArray_[18] = {
	epd_bitmap__a_frm0_40_,
  epd_bitmap__a_frm1_40_,
  epd_bitmap__a_frm2_50_,
	epd_bitmap__a_frm3_40_,
	epd_bitmap__a_frm4_40_,
	epd_bitmap__a_frm5_40_,
	epd_bitmap__a_frm6_40_,
	epd_bitmap__a_frm7_40_,
	epd_bitmap__a_frm8_50_,
	epd_bitmap__a_frm9_40_,
	epd_bitmap__a_frm10_40_,
	epd_bitmap__a_frm11_40_,
  epd_bitmap__a_frm12_40_,
  epd_bitmap__a_frm13_40_,
	epd_bitmap__a_frm14_50_,
	epd_bitmap__a_frm15_40_,
	epd_bitmap__a_frm16_40_,
	epd_bitmap__a_frm17_40_,
};

const int melody[] PROGMEM = {
  262, 4, 262, 8, 294, -4, 262, -4, 349, -4,
  330, -2, 262, 4, 262, 8, 294, -4, 262, -4, 392, -4,
  349, -2, 262, 4, 262, 8, 523, -4, 440, -4, 349, -4,
  330, -4, 294, 4, 294, 8, 440, -4, 349, -4, 392, -4, 349, -2,
};

const int notes = sizeof(melody) / sizeof(melody[0]) / 2;
const int wholenote = (60000 * 4) / tempo;

void playHappyBirthday() {
  for (int thisNote = 0; thisNote < notes * 2; thisNote += 2) {
    int divider = pgm_read_word_near(melody + thisNote + 1);
    int noteDuration = (divider > 0) ? (wholenote / divider) : ((wholenote / abs(divider)) * 1.5);

    tone(buzzerPin, pgm_read_word_near(melody + thisNote), noteDuration * 0.9);
    delay(noteDuration);
    noTone(buzzerPin);
  }
}

void displaydate(){
  u8g2.clearBuffer();
  u8g2.setFont(u8g2_font_9x18B_tr);
  u8g2.drawStr(20,25, "21/Sep/Dec");
  u8g2.drawStr(45,45, "2024");
  u8g2.sendBuffer();
  delay(2000);
}



void setup() {
  pinMode(buzzerPin, OUTPUT);
  pinMode(ledPin, OUTPUT);
  pinMode(micPin, INPUT);
  u8g2.begin(); 

 EEPROM.begin();

  
  EEPROM.get(counterAddress, iterationCounter);
  EEPROM.get(displayIterationAddress, displayIteration);
  EEPROM.get(messageIndexAddress, messageIndex);
  
  
  if (iterationCounter < 0 || iterationCounter > 1000) {
    iterationCounter = 0;
  }
  if (displayIteration < iterationCounter || displayIteration > iterationCounter + 4) {
    generateNewDisplayIteration();
  }
}


void loop() {
  iterationCounter++;

  displaydate();
  
  for (int counter = 0; counter < 28; counter++) {
        u8g2.clearBuffer();  
        u8g2.drawXBMP(39, 7, 50, 50, epd_bitmap_allArray[counter]);  
        u8g2.sendBuffer(); 
  }

  digitalWrite(ledPin, HIGH);

  u8g2.clearBuffer();
  u8g2.setFont(u8g2_font_9x18B_tr);
  u8g2.drawStr(0,25, "Happy Birthday,");
  u8g2.drawStr(15,45, "Niharikaa!!");
  u8g2.sendBuffer();

  playHappyBirthday();

  u8g2.clearBuffer();
  u8g2.setFont(u8g2_font_9x18B_tr);
  u8g2.drawStr(12,27, "Blow on the");
  u8g2.drawStr(18,45, "microphone.");
  u8g2.sendBuffer();

  do {
    mn = 1024;  
    mx = 0;
    delta = 0;
    i = 0;

    while (i < 10000 && delta < 800) {
      int val = analogRead(micPin);

      mn = min(mn, val);
      mx = max(mx, val);
      delta = mx - mn;
      i++;
    }
  } while (delta < 450);
  

  digitalWrite(ledPin, LOW);

  u8g2.clearBuffer();
  u8g2.setFont(u8g2_font_9x18B_tr);
  u8g2.drawStr(0,10, "Have a great");
  u8g2.drawStr(0,35, "year, cat-math");
  u8g2.drawStr(0,60, "loving wierdo!");
  u8g2.sendBuffer();
  delay(4000);

 
  
  for (int counterr = 0; counterr < 16; counterr++) {
        u8g2.clearBuffer();  
        u8g2.drawXBMP(39, 7, 50, 50, epd_bitmap_allArray_[counterr]);  
        u8g2.sendBuffer(); 
        delay(30);
  }

  delay(1000);

 if (iterationCounter >= displayIteration) {
    // Display the special text message
    u8g2.clearBuffer();
    u8g2.setFont(u8g2_font_9x18B_tr);
    u8g2.drawStr(0, 35, specialMessages[messageIndex]);
    u8g2.sendBuffer();
    delay(2500);  

    generateNewDisplayIteration();
  }

  EEPROM.put(counterAddress, iterationCounter);
}

